Entity, Parent, Alias: Default, Valid For Consolidations, Data Storage, Two Pass Calculation, Description, Formula, Formula Description, UDA, Smart List, Data Type, Hierarchy Type, Enable for Dynamic Children, Number of Possible Dynamic Children, Access Granted to Member Creator, Allow Upper Level Entity Input, Process Management Enabled, UUID, Data Id, Old Name, Old Unique Name, Base Currency, Plan Type (Consol), Aggregation (Consol), Data Storage (Consol), Formula (Consol), Solve Order (Consol), Formula Description (Consol), Plan Type (Rates), Aggregation (Rates), Data Storage (Rates), Formula (Rates), Solve Order (Rates), Formula Description (Rates), Intercompany Entity, Operation
FCCS_Global Assumptions,Entity,,,store,,,,,,,,,,,,,,52bb8c9f-8c88-47ab-b010-b6e6c2fc9ede,42481362554517,FCCS_Global Assumptions,<none>,,,,,,,,,,,,,,,reposition only
FCCS_Total Geography,Entity,,,never share,,,,,,,,,,,,,,a3219b76-0123-48f0-acb9-b4eaea463c31,1265652712426626,FCCS_Total Geography,<none>,,,,,,,,,,,,,,,reposition only
Industrial Segment,FCCS_Total Geography,,false,never share,false,,<none>,<none>,,,unspecified,none,,,,false,true,1b22f5c8-5725-420d-ba57-3950e58f2878,1200408180442273,Industrial Segment,<none>,USD,true,~,never share,<none>,0,,true,~,never share,<none>,0,,,
I/C East & West,Industrial Segment,I/C East & West,false,never share,false,,<none>,<none>,,,unspecified,none,,,,false,true,4e165acf-33d5-43e3-977b-8f9354921f02,2681117150497934,I/C East & West,<none>,USD,true,~,never share,<none>,0,,true,~,never share,<none>,0,,,
01_002,I/C East & West,BPS - TUBULAR,false,never share,false,,<none>,<none>,,,unspecified,none,,,,false,true,dbcf8a00-373b-4155-915f-8fb4caaab2db,704173031638938,01_002,<none>,USD,true,~,never share,<none>,0,,true,~,never share,<none>,0,,ICP_Entity_Yes,
01_003,I/C East & West,BPS - IMPERIAL,false,never share,false,,<none>,<none>,,,unspecified,none,,,,false,true,f01dfebc-e500-419c-bec9-fc87ef5ce073,1825443298034605,01_003,<none>,USD,true,~,never share,<none>,0,,true,~,never share,<none>,0,,ICP_Entity_Yes,
Fellows - BPS,I/C East & West,,false,never share,false,,<none>,<none>,,,unspecified,none,,,,false,true,24951dea-ef92-4708-b476-d941a47a7a11,2010985214986147,Fellows - BPS,<none>,USD,true,~,never share,<none>,0,,true,~,never share,<none>,0,,,
01_004,Fellows - BPS,Fellows,false,never share,false,,<none>,<none>,,,unspecified,none,,,,false,true,3e623def-7906-4440-9f06-f20f1302f6f3,3068917092992443,01_004,<none>,USD,true,~,never share,<none>,0,,true,~,never share,<none>,0,,ICP_Entity_Yes,
4B,Fellows - BPS,,false,never share,false,,<none>,<none>,,,unspecified,none,,,,false,true,0aafdfba-381a-4c8b-bd39-57c662dadb0e,3084071876774459,4B,<none>,USD,true,~,never share,<none>,0,,true,~,never share,<none>,0,,ICP_Entity_Yes,
4D,Fellows - BPS,,false,never share,false,,<none>,<none>,,,unspecified,none,,,,false,true,34efb4f8-00e9-42d4-bada-6097696974c1,1069035492625251,4D,<none>,USD,true,~,never share,<none>,0,,true,~,never share,<none>,0,,ICP_Entity_Yes,
4E,Fellows - BPS,,false,never share,false,,<none>,<none>,,,unspecified,none,,,,false,true,a6566547-c4c2-4a29-bf88-624f7da2ccc8,3905971089985124,4E,<none>,USD,true,~,never share,<none>,0,,true,~,never share,<none>,0,,ICP_Entity_Yes,
4F,Fellows - BPS,,false,never share,false,,<none>,<none>,,,unspecified,none,,,,false,true,159ee221-24d1-4008-a55d-7a868dba6767,4106967449947558,4F,<none>,USD,true,~,never share,<none>,0,,true,~,never share,<none>,0,,ICP_Entity_Yes,
01_005,I/C East & West,BPS - SEATTLE,false,never share,false,,<none>,<none>,,,unspecified,none,,,,false,true,c09888dc-0d01-4b3a-b6f4-8ed3c7ed17a7,1331164919384513,01_005,<none>,USD,true,~,never share,<none>,0,,true,~,never share,<none>,0,,ICP_Entity_Yes,
Long Beach - BPS,I/C East & West,,false,never share,false,,<none>,<none>,,,unspecified,none,,,,false,true,30bc6f93-cf35-4726-a82d-e30c7a7c24f6,1294533129748650,Long Beach - BPS,<none>,USD,true,~,never share,<none>,0,,true,~,never share,<none>,0,,,
01_006,Long Beach - BPS,Long Beach (BPS),false,never share,false,,<none>,<none>,,,unspecified,none,,,,false,true,8fc2ca6f-5f2c-4410-b147-896900f4b07c,2742135689201883,01_006,<none>,USD,true,~,never share,<none>,0,,true,~,never share,<none>,0,,ICP_Entity_Yes,
6A,Long Beach - BPS,,false,never share,false,,<none>,<none>,,,unspecified,none,,,,false,true,350eb5c2-d0c2-4264-9887-7b0e55e86f0f,1650785831899112,6A,<none>,USD,true,~,never share,<none>,0,,true,~,never share,<none>,0,,ICP_Entity_Yes,
Stockton CA,I/C East & West,STOCKTON - CA,false,never share,false,,<none>,<none>,,,unspecified,none,,,,false,true,1e339e63-9d76-4768-84a7-fb98e5dbe603,1035623652216760,Stockton CA,<none>,USD,true,~,never share,<none>,0,,true,~,never share,<none>,0,,,
7B,Stockton CA,Stockton Transfer - B,false,never share,false,,<none>,<none>,,,unspecified,none,,,,false,true,b06f1e04-9901-4416-a6d7-cbcad7e7e853,3152954688553930,7B,<none>,USD,true,~,never share,<none>,0,,true,~,never share,<none>,0,,ICP_Entity_Yes,
7C,Stockton CA,Stockton Transfer - C,false,never share,false,,<none>,<none>,,,unspecified,none,,,,false,true,0f91e063-42e5-478f-bac0-9be542b24ea0,636088268835479,7C,<none>,USD,true,~,never share,<none>,0,,true,~,never share,<none>,0,,ICP_Entity_Yes,
7A,Stockton CA,,false,never share,false,,<none>,<none>,,,unspecified,none,,,,false,true,e287ba10-e170-4c60-b6c0-4c43cedd77d8,481022926275724,7A,<none>,USD,true,~,never share,<none>,0,,true,~,never share,<none>,0,,ICP_Entity_Yes,
W16,Stockton CA,,false,never share,false,,<none>,<none>,,,unspecified,none,,,,false,true,5e763d2c-0cee-43ac-83a0-b55921ebb629,4482839098642137,W16,<none>,USD,true,~,never share,<none>,0,,true,~,never share,<none>,0,,ICP_Entity_Yes,
W17,Stockton CA,,false,never share,false,,<none>,<none>,,,unspecified,none,,,,false,true,87b3e73f-877e-48f3-88d4-257c8a1672fd,3851650096317532,W17,<none>,USD,true,~,never share,<none>,0,,true,~,never share,<none>,0,,ICP_Entity_Yes,
W23,Stockton CA,,false,never share,false,,<none>,<none>,,,unspecified,none,,,,false,true,a8a96cbf-a032-4b04-acd7-fa90b2c95508,2371583914690811,W23,<none>,USD,true,~,never share,<none>,0,,true,~,never share,<none>,0,,ICP_Entity_Yes,
01_007,Stockton CA,BPS - STOCKTON,false,never share,false,,<none>,<none>,,,unspecified,none,,,,false,true,9d7c1ece-e22e-44c8-906d-e029a76dc6db,1775624759429956,01_007,<none>,USD,true,~,never share,<none>,0,,true,~,never share,<none>,0,,ICP_Entity_Yes,
01_008,I/C East & West,BPS - FRESNO,false,never share,false,,<none>,<none>,,,unspecified,none,,,,false,true,a2af2640-2fbb-4d93-bfdc-7c4b83baaa40,1836546682080196,01_008,<none>,USD,true,~,never share,<none>,0,,true,~,never share,<none>,0,,ICP_Entity_Yes,
01_009,I/C East & West,BPS - VENTURA,false,never share,false,,<none>,<none>,,,unspecified,none,,,,false,true,fd307359-6ac1-4074-b387-be33a42756fa,1391643771685698,01_009,<none>,USD,true,~,never share,<none>,0,,true,~,never share,<none>,0,,ICP_Entity_Yes,
Redding (BPS),I/C East & West,,false,never share,false,,<none>,<none>,,,unspecified,none,,,,false,true,2c387190-16fd-4df7-8bfe-183ce301d508,1893827621044633,Redding (BPS),<none>,USD,true,~,never share,<none>,0,,true,~,never share,<none>,0,,,
10A,Redding (BPS),,false,never share,false,,<none>,<none>,,,unspecified,none,,,,false,true,daa6231c-f2cc-4f4a-8bf1-80bfd27136c9,2112547126726533,10A,<none>,USD,true,~,never share,<none>,0,,true,~,never share,<none>,0,,ICP_Entity_Yes,
01_010,Redding (BPS),BPS - REDDING,false,never share,false,,<none>,<none>,,,unspecified,none,,,,false,true,df003684-a7ee-4049-b717-954c27da258e,1158019526313702,01_010,<none>,USD,true,~,never share,<none>,0,,true,~,never share,<none>,0,,ICP_Entity_Yes,
01_011,I/C East & West,BPS - PORTLAND,false,never share,false,,<none>,<none>,,,unspecified,none,,,,false,true,2be65e28-4cc7-46b6-b62e-da700f8d8a17,865945026447364,01_011,<none>,USD,true,~,never share,<none>,0,,true,~,never share,<none>,0,,,
11A,01_011,,false,never share,false,,<none>,<none>,,,unspecified,none,,,,false,true,d3e19dee-1ff3-4c30-9fa7-fbdaf083d6a8,2096681061009727,11A,<none>,USD,true,~,never share,<none>,0,,true,~,never share,<none>,0,,ICP_Entity_Yes,
11,01_011,,false,never share,false,,<none>,<none>,,,unspecified,none,,,,false,true,24a3572f-ae8d-43a4-a96f-624cda468715,76154337184840,11,[01_011].[11],USD,true,~,never share,<none>,0,,true,~,never share,<none>,0,,ICP_Entity_Yes,
11B,01_011,,false,never share,false,,<none>,<none>,,,unspecified,none,,,,false,true,50c5f486-bb44-45e4-b9fe-639bfb1ca7a8,3504652773050462,11B,<none>,USD,true,~,never share,<none>,0,,true,~,never share,<none>,0,,ICP_Entity_Yes,
01_012,I/C East & West,BPS - LAS VEGAS,false,never share,false,,<none>,<none>,,,unspecified,none,,,,false,true,387e4026-193d-45c7-a615-4f42975641a9,2211882540878938,01_012,<none>,USD,true,~,never share,<none>,0,,true,~,never share,<none>,0,,,
01_012LasVegas,01_012,BPS - LAS VEGAS_1,false,never share,false,,<none>,<none>,,,unspecified,none,,,,false,true,aaf85924-f987-476d-9863-c1c0ce9dbef8,2205924244604843,01_012LasVegas,<none>,USD,true,~,never share,<none>,0,,true,~,never share,<none>,0,,ICP_Entity_Yes,
01_012A,01_012,BPS - LAS VEGAS_2,false,never share,false,,<none>,<none>,,,unspecified,none,,,,false,true,81159e58-6c33-44c6-82e5-ea6349c7ca8b,1314394762659177,01_012A,<none>,USD,true,~,never share,<none>,0,,true,~,never share,<none>,0,,ICP_Entity_Yes,
12A,01_012,,false,never share,false,,<none>,<none>,,,unspecified,none,,,,false,true,58aed413-85ac-4672-83ca-e36c83de6764,1165838749157528,12A,<none>,USD,true,~,never share,<none>,0,,true,~,never share,<none>,0,,ICP_Entity_Yes,
01_013,I/C East & West,BPS - BPS OIL COUNTRY OFFISTE,false,never share,false,,<none>,<none>,,,unspecified,none,,,,false,true,76c818c3-7016-42be-bc31-11078a0a0465,3418575946465683,01_013,<none>,USD,true,~,never share,<none>,0,,true,~,never share,<none>,0,,ICP_Entity_Yes,
Lost Hills - BPS,I/C East & West,,false,never share,false,,<none>,<none>,,,unspecified,none,,,,false,true,bedb0b0f-afac-4c20-b61e-e7f6c17ec736,3066726949209115,Lost Hills - BPS,<none>,USD,true,~,never share,<none>,0,,true,~,never share,<none>,0,,,
18A,Lost Hills - BPS,,false,never share,false,,<none>,<none>,,,unspecified,none,,,,false,true,3e8846ef-c0a5-4c59-a6c1-2184c3a72125,1493472222726426,18A,<none>,USD,true,~,never share,<none>,0,,true,~,never share,<none>,0,,ICP_Entity_Yes,
01_018,Lost Hills - BPS,BPS - LOST HILLS,false,never share,false,,<none>,<none>,,,unspecified,none,,,,false,true,e2c11c0f-6437-46d5-abb6-136a0d10d4be,1131358116856791,01_018,<none>,USD,true,~,never share,<none>,0,,true,~,never share,<none>,0,,ICP_Entity_Yes,
18V,Lost Hills - BPS,,false,never share,false,,<none>,<none>,,,unspecified,none,,,,false,true,c078be17-81fb-4b02-a364-ceb02e4d0603,258062924597226,18V,<none>,USD,true,~,never share,<none>,0,,true,~,never share,<none>,0,,ICP_Entity_Yes,
Industrial Consolidated Corp,I/C East & West,I/C CORP,false,never share,false,,<none>,<none>,,,unspecified,none,,,,false,true,f5c8eae7-451e-40fc-9458-e5e1923fe7ae,895839540561492,Industrial Consolidated Corp,<none>,USD,true,~,never share,<none>,0,,true,~,never share,<none>,0,,,
01_038,Industrial Consolidated Corp,BPS - 20IN,false,never share,false,,<none>,<none>,,,unspecified,none,,,,false,true,480e74e4-0d2b-44b8-8f0d-9b63aed34670,1595059709035028,01_038,<none>,USD,true,~,never share,<none>,0,,true,~,never share,<none>,0,,ICP_Entity_Yes,
20IN,Industrial Consolidated Corp,BPS - 20IN SHARED,false,never share,false,,<none>,<none>,,,unspecified,none,,,,false,true,58bfea8e-8c3c-4e09-84f3-aeef37d3c5c6,512942112131002,20IN,<none>,USD,true,~,never share,<none>,0,,true,~,never share,<none>,0,,ICP_Entity_Yes,
CBPS,Industrial Consolidated Corp,,false,never share,false,,<none>,<none>,,,unspecified,none,,,,false,true,8fd7dd34-4fcf-494a-aff4-5e346c04c365,3335249114189199,CBPS,<none>,USD,true,~,never share,<none>,0,,true,~,never share,<none>,0,,ICP_Entity_Yes,
04_009,Industrial Consolidated Corp,TSI - CORP,false,never share,false,,<none>,<none>,,,unspecified,none,,,,false,true,c1a9d5c8-6c41-44e5-ae1d-794ba8e657e3,770233845107217,04_009,<none>,USD,true,~,never share,<none>,0,,true,~,never share,<none>,0,,ICP_Entity_Yes,
05_004,Industrial Consolidated Corp,ICE - CORP,false,never share,false,,<none>,<none>,,,unspecified,none,,,,false,true,74ce8d81-6bad-44c9-9b37-ba4695908892,2081317093983573,05_004,<none>,USD,true,~,never share,<none>,0,,true,~,never share,<none>,0,,ICP_Entity_Yes,
APP - CORP,Industrial Consolidated Corp,,false,never share,false,,<none>,<none>,,,unspecified,none,,,,false,true,7be3b35b-20d0-4228-a1bf-3fd8b10db8af,3267902438982700,APP - CORP,<none>,USD,true,~,never share,<none>,0,,true,~,never share,<none>,0,,ICP_Entity_Yes,
01_020,Industrial Consolidated Corp,BPS-CORP,false,never share,false,,<none>,<none>,,,unspecified,none,,,,false,true,5480a31a-ffc7-41b5-86c4-07e78072aad3,619592376729744,01_020,<none>,USD,true,~,never share,<none>,0,,true,~,never share,<none>,0,,,
20H,01_020,,false,never share,false,,<none>,<none>,,,unspecified,none,,,,false,true,cb718de3-4786-4301-ae2a-5e977c6d8b6b,109961728901229,20H,<none>,USD,true,~,never share,<none>,0,,true,~,never share,<none>,0,,ICP_Entity_Yes,
20I,01_020,,false,never share,false,,<none>,<none>,,,unspecified,none,,,,false,true,b2a0398f-0673-4746-abbc-bf8d8725973a,1459282730437593,20I,<none>,USD,true,~,never share,<none>,0,,true,~,never share,<none>,0,,ICP_Entity_Yes,
20O,01_020,,false,never share,false,,<none>,<none>,,,unspecified,none,,,,false,true,8685f6ed-5724-47c3-8b96-0c23870cdd91,1393772515445099,20O,<none>,USD,true,~,never share,<none>,0,,true,~,never share,<none>,0,,ICP_Entity_Yes,
20P,01_020,,false,never share,false,,<none>,<none>,,,unspecified,none,,,,false,true,6c23e53a-1f51-460e-9bfd-357566acb18a,1264956419297082,20P,<none>,USD,true,~,never share,<none>,0,,true,~,never share,<none>,0,,ICP_Entity_Yes,
20S,01_020,,false,never share,false,,<none>,<none>,,,unspecified,none,,,,false,true,a34fe518-afe8-4970-afbe-1a136bfe4d2f,4339648714591384,20S,<none>,USD,true,~,never share,<none>,0,,true,~,never share,<none>,0,,ICP_Entity_Yes,
20A,01_020,IndustrialSegment,false,never share,false,,<none>,<none>,,,unspecified,none,,,,false,true,025170be-94c3-4e01-91f2-1acb08137421,4328567364403337,20A,<none>,USD,true,~,never share,<none>,0,,true,~,never share,<none>,0,,ICP_Entity_Yes,
01_020CORP,01_020,BPS - CORPMAIN,false,never share,false,,<none>,<none>,,,unspecified,none,,,,false,true,f6393882-6d85-436c-8872-1e6b37d18db3,3613046182528694,01_020CORP,<none>,USD,true,~,never share,<none>,0,,true,~,never share,<none>,0,,ICP_Entity_Yes,
01_027,I/C East & West,BPS - ANAHEIM,false,never share,false,,<none>,<none>,,,unspecified,none,,,,false,true,29db67da-e037-4602-8289-2d60d01bbcc0,463090406411594,01_027,<none>,USD,true,~,never share,<none>,0,,true,~,never share,<none>,0,,ICP_Entity_Yes,
01_028,I/C East & West,BPS - SHAFTER - ECOMM,false,never share,false,,<none>,<none>,,,unspecified,none,,,,false,true,271d0500-a8da-4a90-bc77-2873a0ed77a8,3243124181124179,01_028,<none>,USD,true,~,never share,<none>,0,,true,~,never share,<none>,0,,ICP_Entity_Yes,
01_030,I/C East & West,BPS - PHOENIX,false,never share,false,,<none>,<none>,,,unspecified,none,,,,false,true,a8c9e7bb-77fa-4327-b630-d5809e2921a3,1511035563491567,01_030,<none>,USD,true,~,never share,<none>,0,,true,~,never share,<none>,0,,ICP_Entity_Yes,
Phoenix - Consolidated,I/C East & West,Buckeye,false,never share,false,,<none>,<none>,,,unspecified,none,,,,false,true,07834bb0-419b-4810-b689-29f09ce615a2,4063176784564196,Phoenix - Consolidated,<none>,USD,true,~,never share,<none>,0,,true,~,never share,<none>,0,,,
TSHF,Phoenix - Consolidated,Shafter Storage,false,never share,false,,<none>,<none>,,,unspecified,none,,,,false,true,534b217a-5851-4d03-9778-38a91d419967,1953030988907270,TSHF,<none>,USD,true,~,never share,<none>,0,,true,~,never share,<none>,0,,ICP_Entity_Yes,
04_001,Phoenix - Consolidated,TSI - PHOENIX,false,never share,false,,<none>,<none>,,,unspecified,none,,,,false,true,57385830-879e-48a5-8f5a-8580a11824c3,3981169626925583,04_001,<none>,USD,true,~,never share,<none>,0,,true,~,never share,<none>,0,,ICP_Entity_Yes,
04_002,I/C East & West,TSI - PHOENIX - FAB,false,never share,false,,<none>,<none>,,,unspecified,none,,,,false,true,dd647fd8-e03f-46f4-82b9-08e02b3054fc,2759251679333780,04_002,<none>,USD,true,~,never share,<none>,0,,true,~,never share,<none>,0,,ICP_Entity_Yes,
04_003,I/C East & West,TSI - TUCSON,false,never share,false,,<none>,<none>,,,unspecified,none,,,,false,true,f766e0ab-d4fc-44f5-9f8d-bb045ca43d0c,220103304299748,04_003,<none>,USD,true,~,never share,<none>,0,,true,~,never share,<none>,0,,ICP_Entity_Yes,
04_004,I/C East & West,TSI - LONG BEACH,false,never share,false,,<none>,<none>,,,unspecified,none,,,,false,true,b4fa5b81-16ee-44e0-b93d-5771da908fd2,1444534550480236,04_004,<none>,USD,true,~,never share,<none>,0,,true,~,never share,<none>,0,,ICP_Entity_Yes,
04_005,I/C East & West,TSI - LONG BEACH - FAB,false,never share,false,,<none>,<none>,,,unspecified,none,,,,false,true,f52bd488-febf-4f56-a6b2-a610eae0718e,1777936047030619,04_005,<none>,USD,true,~,never share,<none>,0,,true,~,never share,<none>,0,,ICP_Entity_Yes,
04_006,I/C East & West,TSI - SAN DIEGO,false,never share,false,,<none>,<none>,,,unspecified,none,,,,false,true,47f692ac-f296-4352-88d4-941581d7dbb3,440217027887341,04_006,<none>,USD,true,~,never share,<none>,0,,true,~,never share,<none>,0,,ICP_Entity_Yes,
04_007,I/C East & West,TSI - SAN JOSE,false,never share,false,,<none>,<none>,,,unspecified,none,,,,false,true,9f2469f1-1f62-4073-a5c3-09d007cb13c7,2595713006390634,04_007,<none>,USD,true,~,never share,<none>,0,,true,~,never share,<none>,0,,ICP_Entity_Yes,
04_008,I/C East & West,TSI - SACRAMENTO,false,never share,false,,<none>,<none>,,,unspecified,none,,,,false,true,12322667-3a57-47f5-9aea-a9c10770c73a,818974515282492,04_008,<none>,USD,true,~,never share,<none>,0,,true,~,never share,<none>,0,,ICP_Entity_Yes,
04_010,I/C East & West,TSI - Unmapped,false,never share,false,TSI - Unmapped,<none>,<none>,,,unspecified,none,,,,false,true,85e1c50e-b4ba-4d53-9480-9bdb9b66faad,3348529502244043,04_010,<none>,USD,true,~,never share,<none>,0,,true,~,never share,<none>,0,,,
04_012,I/C East & West,TSI - PHOENIX - FAB (FILLMORE),false,never share,false,TSI - PHOENIX - FAB (FILLMORE),<none>,<none>,,,unspecified,none,,,,false,true,5cc607c6-5745-4f59-89dc-33c768859380,2885106170807090,04_012,<none>,USD,true,~,never share,<none>,0,,true,~,never share,<none>,0,,,
04_011,I/C East & West,TSI - Las Vegas,false,never share,false,TSI - Las Vegas,<none>,<none>,,,unspecified,none,,,,false,true,f6429a32-91a6-4bb1-8435-85da94d64e09,2062355839864199,04_011,<none>,USD,true,~,never share,<none>,0,,true,~,never share,<none>,0,,,
01_032,I/C East & West,,false,never share,false,,<none>,<none>,,,unspecified,none,,,,false,true,b18e5b7d-33ad-4122-b666-dcc93f2d5dba,3456133693001588,01_032,<none>,USD,true,~,never share,<none>,0,,true,~,never share,<none>,0,,ICP_Entity_Yes,
Washington Consolidated,I/C East & West,Washington,false,never share,false,,<none>,<none>,,,unspecified,none,,,,false,true,093862a5-2178-4754-bdb5-936ee6a58855,2533885556703620,Washington Consolidated,<none>,USD,true,~,never share,<none>,0,,true,~,never share,<none>,0,,,
05_001,Washington Consolidated,ICE - WASHINGTON,false,never share,false,,<none>,<none>,,,unspecified,none,,,,false,true,df6cdbd6-663f-4df6-98a0-c1ca5dfce593,127709294641986,05_001,<none>,USD,true,~,never share,<none>,0,,true,~,never share,<none>,0,,ICP_Entity_Yes,
101,Washington Consolidated,,false,never share,false,,<none>,<none>,,,unspecified,none,,,,false,true,824f21e2-a13b-4cd8-87b1-651f266ce517,2320060238351394,101,<none>,USD,true,~,never share,<none>,0,,true,~,never share,<none>,0,,ICP_Entity_Yes,
Leland Consolidated,I/C East & West,Leland,false,never share,false,,<none>,<none>,,,unspecified,none,,,,false,true,a72e5b43-7301-4785-8d53-3ae22891e764,225555022761030,Leland Consolidated,<none>,USD,true,~,never share,<none>,0,,true,~,never share,<none>,0,,,
05_002,Leland Consolidated,ICE - LELAND,false,never share,false,,<none>,<none>,,,unspecified,none,,,,false,true,fc5fe08a-fe43-461f-a0c9-9b973fb8bd74,3409010370166835,05_002,<none>,USD,true,~,never share,<none>,0,,true,~,never share,<none>,0,,ICP_Entity_Yes,
102,Leland Consolidated,,false,never share,false,,<none>,<none>,,,unspecified,none,,,,false,true,78bfd71d-0632-4015-af84-6c2919b72226,855218538826165,102,<none>,USD,true,~,never share,<none>,0,,true,~,never share,<none>,0,,ICP_Entity_Yes,
IFS Consolidated,I/C East & West,IFS,false,never share,false,,<none>,<none>,,,unspecified,none,,,,false,true,e17ad7b4-39a8-4671-8504-7955d1ba179d,486475649794483,IFS Consolidated,<none>,USD,true,~,never share,<none>,0,,true,~,never share,<none>,0,,,
05_003,IFS Consolidated,ICE - IFS,false,never share,false,,<none>,<none>,,,unspecified,none,,,,false,true,3215872e-d2a0-4e5c-bb86-cb4877d750a6,775049947660322,05_003,<none>,USD,true,~,never share,<none>,0,,true,~,never share,<none>,0,,ICP_Entity_Yes,
113,IFS Consolidated,,false,never share,false,,<none>,<none>,,,unspecified,none,,,,false,true,0903936f-5971-49cd-92e1-46e917ead6a0,1963610343558203,113,<none>,USD,true,~,never share,<none>,0,,true,~,never share,<none>,0,,ICP_Entity_Yes,
01_034,I/C East & West,,false,never share,false,,<none>,<none>,,,unspecified,none,,,,false,true,7291a4d9-3f7e-4bd6-b0a1-555f349719ee,1029904300788036,01_034,<none>,USD,true,~,never share,<none>,0,,true,~,never share,<none>,0,,ICP_Entity_Yes,
01_035,I/C East & West,,false,never share,false,,<none>,<none>,,,unspecified,none,,,,false,true,fdd03767-a6dc-486f-84a0-9bd39127303f,3052525928533257,01_035,<none>,USD,true,~,never share,<none>,0,,true,~,never share,<none>,0,,ICP_Entity_Yes,
01_036,I/C East & West,,false,never share,false,,<none>,<none>,,,unspecified,none,,,,false,true,01f286ba-d147-435f-bc59-240c2c53a32b,1636221577806040,01_036,<none>,USD,true,~,never share,<none>,0,,true,~,never share,<none>,0,,ICP_Entity_Yes,
01_037,I/C East & West,,false,never share,false,,<none>,<none>,,,unspecified,none,,,,false,true,7851157c-9c4c-4bf9-b7fc-fa61270030e7,2431120105554906,01_037,<none>,USD,true,~,never share,<none>,0,,true,~,never share,<none>,0,,ICP_Entity_Yes,
Albuquerque,I/C East & West,Albuquerque,false,never share,false,,<none>,<none>,,,unspecified,none,,,,false,true,252b7de8-aa46-4242-b700-17266b623ae4,4088076490457276,Albuquerque,<none>,USD,true,~,never share,<none>,0,,true,~,never share,<none>,0,,,
06_001,Albuquerque,,false,never share,false,,<none>,<none>,,,unspecified,none,,,,false,true,4077a4d8-34fe-4f02-89d7-133989f046af,1107295840585020,06_001,<none>,USD,true,~,never share,<none>,0,,true,~,never share,<none>,0,,ICP_Entity_Yes,
APP_ABQ,Albuquerque,,false,never share,false,,<none>,<none>,,,unspecified,none,,,,false,true,38e7c5ef-b15c-4664-a30b-0e1ef71b34a4,1700923137280561,APP_ABQ,<none>,USD,true,~,never share,<none>,0,,true,~,never share,<none>,0,,ICP_Entity_Yes,
El Paso,I/C East & West,El Paso,false,never share,false,,<none>,<none>,,,unspecified,none,,,,false,true,fce7d59a-b161-4814-9d78-a05388306654,3330024614085752,El Paso,<none>,USD,true,~,never share,<none>,0,,true,~,never share,<none>,0,,,
06_002,El Paso,,false,never share,false,,<none>,<none>,,,unspecified,none,,,,false,true,2c540f4a-2044-4d57-aa3f-c3ea60904776,1634247847988965,06_002,<none>,USD,true,~,never share,<none>,0,,true,~,never share,<none>,0,,ICP_Entity_Yes,
APP_ELP,El Paso,,false,never share,false,,<none>,<none>,,,unspecified,none,,,,false,true,d395b387-c95a-4467-9a8f-d17de27b3925,620747581638241,APP_ELP,<none>,USD,true,~,never share,<none>,0,,true,~,never share,<none>,0,,ICP_Entity_Yes,
01_033,I/C East & West,BPS - MacPherson Oil Warehouse,false,never share,false,BPS - MacPherson Oil Warehouse,<none>,<none>,,,unspecified,none,,,,false,true,ef81db92-cc75-427d-bef3-201cbe8de481,4113603669215329,01_033,<none>,USD,true,~,never share,<none>,0,,true,~,never share,<none>,0,,ICP_Entity_Yes,
Monumental Rollup,I/C East & West,Monumental Rollup,false,never share,false,,<none>,<none>,,,unspecified,none,,,,false,true,5d93f79a-33b2-4b4a-b5e3-072d0b328179,148070346475860,Monumental Rollup,<none>,USD,true,~,never share,<none>,0,,true,~,never share,<none>,0,,,
MSC,Monumental Rollup,Monumental - Phocas,false,never share,false,,<none>,<none>,,,unspecified,none,,,,false,true,71fdd00f-3473-4b3f-ae14-0d0d984189d8,1262631963807741,MSC,<none>,USD,true,~,never share,<none>,0,,true,~,never share,<none>,0,,ICP_Entity_Yes,
1,MSC,Baltimore,false,never share,false,,<none>,<none>,,,unspecified,none,,,,false,true,9078e0c3-fa60-4356-a583-87e8e8854f72,635407758478743,1,[MSC].[1],USD,true,~,never share,<none>,0,,true,~,never share,<none>,0,,,
4,MSC,ELE-B4,false,never share,false,,<none>,<none>,,,unspecified,none,,,,false,true,087faace-2651-4bd5-bc39-4b70d3402376,2390107405108270,4,[MSC].[4],USD,true,~,never share,<none>,0,,true,~,never share,<none>,0,,,
5,MSC,ELE-B5,false,never share,false,,<none>,<none>,,,unspecified,none,,,,false,true,4df52956-277c-4b8d-b69e-fe87aba31fb7,3569744957754645,5,[MSC].[5],USD,true,~,never share,<none>,0,,true,~,never share,<none>,0,,,
9,MSC,ATLC,false,never share,false,,<none>,<none>,,,unspecified,none,,,,false,true,139e9400-f221-4023-9b81-f0363f29d04a,1500356764581986,9,[MSC].[9],USD,true,~,never share,<none>,0,,true,~,never share,<none>,0,,,
14,MSC,ATLC-WEST,false,never share,false,,<none>,<none>,,,unspecified,none,,,,false,true,47458e6a-ba43-4fdf-9c2a-5e686dc9cc16,3619718753568619,14,[MSC].[14],USD,true,~,never share,<none>,0,,true,~,never share,<none>,0,,,
7,MSC,MBE,false,never share,false,,<none>,<none>,,,unspecified,none,,,,false,true,1e60882d-a535-4213-9bac-6a491b8549d6,942202053478982,7,[MSC].[7],USD,true,~,never share,<none>,0,,true,~,never share,<none>,0,,,
10,MSC,MONUMENTAL SUPPLY (FIRE-PROTECTION),false,never share,false,,<none>,<none>,,,unspecified,none,,,,false,true,c7dfd345-41c1-4f35-8768-544bca32f71a,3483874074970958,10,[MSC].[10],USD,true,~,never share,<none>,0,,true,~,never share,<none>,0,,,
203,MSC,STNSMD,false,never share,false,,<none>,<none>,,,unspecified,none,,,,false,true,0726dc49-4763-4e03-af53-6c9cc322865a,2951848829274662,203,[MSC].[203],USD,true,~,never share,<none>,0,,true,~,never share,<none>,0,,,
204,MSC,STNCSR,false,never share,false,,<none>,<none>,,,unspecified,none,,,,false,true,eba6721e-2f87-4282-a5ea-49871439385c,986936311238297,204,[MSC].[204],USD,true,~,never share,<none>,0,,true,~,never share,<none>,0,,,
2,MSC,CORP-EXP,false,never share,false,,<none>,<none>,,,unspecified,none,,,,false,true,91673ed5-337c-470b-878f-57bbb2afddc0,4297878850453915,2,[MSC].[2],USD,true,~,never share,<none>,0,,true,~,never share,<none>,0,,,
15,MSC,ATLC-PIPE,false,never share,false,,<none>,<none>,,,unspecified,none,,,,false,true,c588dabf-ccbe-4382-a4d2-5ec100da5b02,3924781841466869,15,[MSC].[15],USD,true,~,never share,<none>,0,,true,~,never share,<none>,0,,,
51,MSC,MONUMENTAL ELEV BR 51,false,never share,false,,<none>,<none>,,,unspecified,none,,,,false,true,add88605-f2d7-4376-a1f5-819d516a7f48,1397261412092139,51,[MSC].[51],USD,true,~,never share,<none>,0,,true,~,never share,<none>,0,,,
8,MSC,GOVERNMENT,false,never share,false,,<none>,<none>,,,unspecified,none,,,,false,true,79a98f4e-c81f-4a49-9d8c-25b496c2722a,3587854270352417,8,[MSC].[8],USD,true,~,never share,<none>,0,,true,~,never share,<none>,0,,,
6,MSC,ELE-B6,false,never share,false,,<none>,<none>,,,unspecified,none,,,,false,true,32445419-7e1e-4696-ac18-6927d3c4e8ea,1814998154757299,6,[MSC].[6],USD,true,~,never share,<none>,0,,true,~,never share,<none>,0,,,
12,MSC,BACLEANLINE,false,never share,false,,<none>,<none>,,,unspecified,none,,,,false,true,43f8d15d-9bc0-423d-a535-453420916063,2932201944403415,12,[MSC].[12],USD,true,~,never share,<none>,0,,true,~,never share,<none>,0,,,
13,MSC,BACSTOCKROOM,false,never share,false,,<none>,<none>,,,unspecified,none,,,,false,true,0800e5bf-38dd-4f46-a074-93c59d06fe09,463948049697280,13,[MSC].[13],USD,true,~,never share,<none>,0,,true,~,never share,<none>,0,,,
17,MSC,DAVIDSON INV TRACKING,false,never share,false,,<none>,<none>,,,unspecified,none,,,,false,true,b7b47f71-ce66-4b80-baa3-546fdea434b9,2162753233109951,17,[MSC].[17],USD,true,~,never share,<none>,0,,true,~,never share,<none>,0,,,
18,MSC,GILMOUR INV TRACKING,false,never share,false,,<none>,<none>,,,unspecified,none,,,,false,true,cd84a70c-39c3-4134-80d5-ec1aa68622a3,1560708102834065,18,[MSC].[18],USD,true,~,never share,<none>,0,,true,~,never share,<none>,0,,,
50,MSC,Monumental Elevator - Las Vegas,false,never share,false,,<none>,<none>,,,unspecified,none,,,,false,true,c955dee1-5024-409e-964c-df8a18a9bd0e,1797073337405090,50,[MSC].[50],USD,true,~,never share,<none>,0,,true,~,never share,<none>,0,,,
20,MSC,SIATA,false,never share,false,,<none>,<none>,,,unspecified,none,,,,false,true,4d3008b7-070f-46af-8167-e445ef1f8475,3172155071152613,20,[MSC].[20],USD,true,~,never share,<none>,0,,true,~,never share,<none>,0,,,
202,MSC,TBD,false,never share,false,,<none>,<none>,,,unspecified,none,,,,false,true,446fc6a5-f35d-41ba-84cc-b1ef42b737de,4162811850146896,202,[MSC].[202],USD,true,~,never share,<none>,0,,true,~,never share,<none>,0,,,
205,MSC,STN20M,false,never share,false,,<none>,<none>,,,unspecified,none,,,,false,true,5e5fee47-7eb7-4dce-bd11-a95aad98c59c,2198984597784706,205,[MSC].[205],USD,true,~,never share,<none>,0,,true,~,never share,<none>,0,,,
3,MSC,VMI-BR3,false,never share,false,,<none>,<none>,,,unspecified,none,,,,false,true,7bbac6ef-0d93-4c10-810d-e83266336e91,2064539670954387,3,[MSC].[3],USD,true,~,never share,<none>,0,,true,~,never share,<none>,0,,,
201,MSC,STNLLR,false,never share,false,,<none>,<none>,,,unspecified,none,,,,false,true,70d43358-a6a2-41a8-bbd3-acc0ffa92dc4,303609587122715,201,[MSC].[201],USD,true,~,never share,<none>,0,,true,~,never share,<none>,0,,,
Mon_01,Monumental Rollup,Monumental,false,never share,false,,<none>,<none>,,,unspecified,none,,,,false,true,2b5e1f77-23f5-4543-883b-c2f46b342e09,565947783333620,Mon_01,[Monumental Rollup].[Mon_01],USD,true,~,never share,<none>,0,,true,~,never share,<none>,0,,ICP_Entity_Yes,
4A,I/C East & West,Sentinel Cymric,false,never share,false,,<none>,<none>,,,unspecified,none,,,,false,true,2f0ecef4-558a-4b4e-a61f-040fdf056509,3314080780338518,4A,<none>,USD,true,~,never share,<none>,0,,true,~,never share,<none>,0,,ICP_Entity_Yes,
6B,I/C East & West,Sentinel Peak,false,never share,false,,<none>,<none>,,,unspecified,none,,,,false,true,6d047cdb-09d1-4be1-81c1-95d14423f9b2,2418258968986000,6B,<none>,USD,true,~,never share,<none>,0,,true,~,never share,<none>,0,,ICP_Entity_Yes,
01_001,I/C East & West,BPS - SHAFTER,false,never share,false,,<none>,<none>,,,unspecified,none,,,,false,true,8ce83980-25f0-471b-986b-12ff17b80dfb,3622176996148597,01_001,<none>,USD,true,~,never share,<none>,0,,true,~,never share,<none>,0,,,
01_001S,01_001,BPS - SHAFTER2,false,never share,false,,<none>,<none>,,,unspecified,none,,,,false,true,3f6c8bd5-dbec-4014-9703-1f0b30e5cae0,4436370867898016,01_001S,<none>,USD,true,~,never share,<none>,0,,true,~,never share,<none>,0,,ICP_Entity_Yes,
1C,01_001,,false,never share,false,,<none>,<none>,,,unspecified,none,,,,false,true,1ebd5759-3ae5-4dff-b910-097bcfd83b54,1066484708296761,1C,<none>,USD,true,~,never share,<none>,0,,true,~,never share,<none>,0,,ICP_Entity_Yes,
1E,01_001,,false,never share,false,,<none>,<none>,,,unspecified,none,,,,false,true,03438cfb-93f8-4c3f-a0c8-8ebf5f8586f4,3301002953248646,1E,<none>,USD,true,~,never share,<none>,0,,true,~,never share,<none>,0,,ICP_Entity_Yes,
1AM,01_001,,false,never share,false,,<none>,<none>,,,unspecified,none,,,,false,true,6cd0eb4e-4252-4fea-99ea-68e2515a0e8e,3866817801569800,1AM,<none>,USD,true,~,never share,<none>,0,,true,~,never share,<none>,0,,ICP_Entity_Yes,
1G,01_001,,false,never share,false,,<none>,<none>,,,unspecified,none,,,,false,true,d0a50f23-ac7c-4755-b152-47f91e0beab6,1131698595119543,1G,<none>,USD,true,~,never share,<none>,0,,true,~,never share,<none>,0,,ICP_Entity_Yes,
1B,01_001,,false,never share,false,,<none>,<none>,,,unspecified,none,,,,false,true,e2a995d4-4c3f-4740-9311-a4500b63696c,3758334321248270,1B,<none>,USD,true,~,never share,<none>,0,,true,~,never share,<none>,0,,ICP_Entity_Yes,
1D,01_001,,false,never share,false,,<none>,<none>,,,unspecified,none,,,,false,true,1488998e-b641-4b9d-8714-6b42ee966b32,4201177103945003,1D,<none>,USD,true,~,never share,<none>,0,,true,~,never share,<none>,0,,ICP_Entity_Yes,
1F,01_001,,false,never share,false,,<none>,<none>,,,unspecified,none,,,,false,true,b1623f8e-4f6b-4251-9dd2-652056408719,2875719037437129,1F,<none>,USD,true,~,never share,<none>,0,,true,~,never share,<none>,0,,ICP_Entity_Yes,
1BKR,01_001,,false,never share,false,,<none>,<none>,,,unspecified,none,,,,false,true,083c3109-c88e-433f-a3d8-973652a929ad,3570397324857271,1BKR,<none>,USD,true,~,never share,<none>,0,,true,~,never share,<none>,0,,ICP_Entity_Yes,
2A,01_001,BPS Cons,false,never share,false,,<none>,<none>,,,unspecified,none,,,,false,true,d992ed79-3511-435a-b052-6c93d87da3ba,3404956951465669,2A,<none>,USD,true,~,never share,<none>,0,,true,~,never share,<none>,0,,ICP_Entity_Yes,
90,01_001,TBM Supply,false,never share,false,,<none>,<none>,,,unspecified,none,,,,false,true,57700ca8-75d9-4f02-9444-bf57e41bb1ed,1066671591278899,90,<none>,USD,true,~,never share,<none>,0,,true,~,never share,<none>,0,,ICP_Entity_Yes,
98,01_001,,false,never share,false,,<none>,<none>,,,unspecified,none,,,,false,true,4642248c-0bde-4545-9449-87167f0284bb,3599474894652129,98,<none>,USD,true,~,never share,<none>,0,,true,~,never share,<none>,0,,ICP_Entity_Yes,
01_014,I/C East & West,BPS - MODESTO,false,never share,false,,<none>,<none>,,,unspecified,none,,,,false,true,279e0b52-78fe-4e14-8164-26b6a3c243b6,1221119840503262,01_014,<none>,USD,true,~,never share,<none>,0,,true,~,never share,<none>,0,,ICP_Entity_Yes,
01_019,I/C East & West,BPS - Eng'd Products,false,never share,false,,<none>,<none>,,,unspecified,none,,,,false,true,f671b690-1150-4e38-b98e-77796622fa74,3378473558360168,01_019,<none>,USD,true,~,never share,<none>,0,,true,~,never share,<none>,0,,,
19EP,01_019,,false,never share,false,,<none>,<none>,,,unspecified,none,,,,false,true,4ec668f5-1dbd-4993-800a-e59b6f2fb630,1013496359702428,19EP,<none>,USD,true,~,never share,<none>,0,,true,~,never share,<none>,0,,ICP_Entity_Yes,
01_019EngProd,01_019,,false,never share,false,,<none>,<none>,,,unspecified,none,,,,false,true,30d2bc28-2b7b-4525-8331-cef897ab4651,3199881403911292,01_019EngProd,<none>,USD,true,~,never share,<none>,0,,true,~,never share,<none>,0,,ICP_Entity_Yes,
19V,01_019,,false,never share,false,,<none>,<none>,,,unspecified,none,,,,false,true,f0d4f50b-22bf-4bd7-a490-56ca021d5baa,1059281232479825,19V,<none>,USD,true,~,never share,<none>,0,,true,~,never share,<none>,0,,ICP_Entity_Yes,
19,01_019,,false,never share,false,,<none>,<none>,,,unspecified,none,,,,false,true,ada52755-5eac-4837-8434-9f445e7f1247,3709570442412718,19,[01_019].[19],USD,true,~,never share,<none>,0,,true,~,never share,<none>,0,,ICP_Entity_Yes,
99,01_019,,false,never share,false,,<none>,<none>,,,unspecified,none,,,,false,true,c2904af9-48ac-47ad-8791-247e4ea05194,265057101759083,99,<none>,USD,true,~,never share,<none>,0,,true,~,never share,<none>,0,,ICP_Entity_Yes,
01_029,I/C East & West,BPS - Energy Segment,false,never share,false,,<none>,<none>,,,unspecified,none,,,,false,true,a5528506-b581-46c8-aadc-b3e18a6e3efb,2284292067380600,01_029,<none>,USD,true,~,never share,<none>,0,,true,~,never share,<none>,0,,ICP_Entity_Yes,
1A,I/C East & West,Mac Oil,false,never share,false,,<none>,<none>,,,unspecified,none,,,,false,true,c0bb0494-813d-49e6-8b87-e443f7a7cc4a,938777859083674,1A,<none>,USD,true,~,never share,<none>,0,,true,~,never share,<none>,0,,ICP_Entity_Yes,
Kern Oil Parent,I/C East & West,Kern Oil Parent,false,never share,false,,<none>,<none>,,,unspecified,none,,,,false,true,7ebeab35-6d12-43f6-93a2-530bc32f9849,2206275088894517,Kern Oil Parent,<none>,USD,true,~,never share,<none>,0,,true,~,never share,<none>,0,,,
1K,Kern Oil Parent,Kern Oil,false,never share,false,,<none>,<none>,,,unspecified,none,,,,false,true,2355a4b8-3d97-4451-b97e-f0c3dcc41af1,263283635866229,1K,<none>,USD,true,~,never share,<none>,0,,true,~,never share,<none>,0,,ICP_Entity_Yes,
1KO,Kern Oil Parent,Kern Oil Vendor Owned,false,never share,false,,<none>,<none>,,,unspecified,none,,,,false,true,28df500e-876e-4d73-aa00-246726b8dff3,4099611300089573,1KO,<none>,USD,true,~,never share,<none>,0,,true,~,never share,<none>,0,,ICP_Entity_Yes,
01_015,I/C East & West,Houston,false,never share,false,,<none>,<none>,,,unspecified,none,,,,false,true,e6c9c906-36e9-40ea-b850-58281766126e,1864892694610164,01_015,<none>,USD,true,~,never share,<none>,0,,true,~,never share,<none>,0,,,
01_015Houston,01_015,BPS - HOUSTON,false,never share,false,,<none>,<none>,,,unspecified,none,,,,false,true,19ebdb87-349a-4a12-9a01-b2a290960dc6,1604013835307267,01_015Houston,<none>,USD,true,~,never share,<none>,0,,true,~,never share,<none>,0,,ICP_Entity_Yes,
1501,01_015,,false,never share,false,,<none>,<none>,,,unspecified,none,,,,false,true,000343e0-8e1f-4802-aaf5-c5048bc6ab0e,1270015033560455,1501,<none>,USD,true,~,never share,<none>,0,,true,~,never share,<none>,0,,ICP_Entity_Yes,
1502,01_015,,false,never share,false,,<none>,<none>,,,unspecified,none,,,,false,true,2eaab1d5-685a-4507-8f3f-f5d936b1b7a8,4160650081748966,1502,<none>,USD,true,~,never share,<none>,0,,true,~,never share,<none>,0,,ICP_Entity_Yes,
15A,01_015,,false,never share,false,,<none>,<none>,,,unspecified,none,,,,false,true,b068c620-8198-4423-bc2b-4d777aa9775e,3618227255725198,15A,<none>,USD,true,~,never share,<none>,0,,true,~,never share,<none>,0,,ICP_Entity_Yes,
15L,01_015,,false,never share,false,,<none>,<none>,,,unspecified,none,,,,false,true,11127a71-3654-4ade-9c18-1d2384ab630a,3608103499484555,15L,<none>,USD,true,~,never share,<none>,0,,true,~,never share,<none>,0,,ICP_Entity_Yes,
15C,01_015,,false,never share,false,,<none>,<none>,,,unspecified,none,,,,false,true,86657881-5c52-4fa2-9a14-2ef8c777ca3a,1579379207981335,15C,<none>,USD,true,~,never share,<none>,0,,true,~,never share,<none>,0,,ICP_Entity_Yes,
15V,01_015,,false,never share,false,,<none>,<none>,,,unspecified,none,,,,false,true,df4527af-b638-476f-8f7c-c93e2f91c05e,2750748407385297,15V,<none>,USD,true,~,never share,<none>,0,,true,~,never share,<none>,0,,ICP_Entity_Yes,
15G,01_015,,false,never share,false,,<none>,<none>,,,unspecified,none,,,,false,true,2d6e279a-0365-418c-a550-513ff0d33c43,3390988852675485,15G,<none>,USD,true,~,never share,<none>,0,,true,~,never share,<none>,0,,ICP_Entity_Yes,
01_015A,01_015,,false,never share,false,,<none>,<none>,,,unspecified,none,,,,false,true,e00f7ea2-36be-49fb-96ed-dddd665ad49f,1288654717275147,01_015A,<none>,USD,true,~,never share,<none>,0,,true,~,never share,<none>,0,,ICP_Entity_Yes,
Houston Actuation,I/C East & West,Houston Actuation,false,never share,false,,<none>,<none>,,,unspecified,none,,,,false,true,1e81de91-5f79-45ac-8fa7-dfd5a8c1477d,2228994302691185,Houston Actuation,<none>,USD,true,~,never share,<none>,0,,true,~,never share,<none>,0,,,
19A,Houston Actuation,,false,never share,false,,<none>,<none>,,,unspecified,none,,,,false,true,7a8c9550-deed-4da5-9981-39815ef87777,3116801331972804,19A,<none>,USD,true,~,never share,<none>,0,,true,~,never share,<none>,0,,ICP_Entity_Yes,
I/C Central,Industrial Segment,I/C Central,false,never share,false,,<none>,<none>,,,unspecified,none,,,,false,true,951e1e22-5827-46ac-b9b5-c3ebf4eda25d,3086647292151715,I/C Central,<none>,USD,true,~,never share,<none>,0,,true,~,never share,<none>,0,,,
Cohn_Gregory,I/C Central,Cohn & Gregory,false,never share,false,,<none>,<none>,,,unspecified,none,,,,false,true,8aa804b5-9903-48ee-8626-c2b4aa02ddbd,4174304515866632,Cohn_Gregory,<none>,USD,true,~,never share,<none>,0,,true,~,never share,<none>,0,,,
Fort Worth,Cohn_Gregory,Fort Worth,false,never share,false,,<none>,<none>,,,unspecified,none,,,,false,true,b3882218-3c07-42a1-854a-8c8be8ce8011,1145590312750639,Fort Worth,<none>,USD,true,~,never share,<none>,0,,true,~,never share,<none>,0,,,
01,Fort Worth,Fort Worth - Branch,false,never share,false,,<none>,<none>,,,unspecified,none,,,,false,true,b25b27a4-dbf0-476a-872a-d9854a52d07c,3606072435427786,01,<none>,USD,true,~,never share,<none>,0,,true,~,never share,<none>,0,,ICP_Entity_Yes,
01_CG,Fort Worth,Fort Worth Retained Earnings,false,never share,false,,<none>,<none>,,,unspecified,none,,,,false,true,1162aeb6-410d-437a-986c-0236f7b4af53,2753073182624569,01_CG,<none>,USD,true,~,never share,<none>,0,,true,~,never share,<none>,0,,,
Cleburne,Cohn_Gregory,Cleburne,false,never share,false,,<none>,<none>,,,unspecified,none,,,,false,true,70b33305-1428-4338-8374-ada4f8465468,679416356160568,Cleburne,<none>,USD,true,~,never share,<none>,0,,true,~,never share,<none>,0,,,
02,Cleburne,Cleburne - Branch,false,never share,false,,<none>,<none>,,,unspecified,none,,,,false,true,50fa1b6a-b4f5-4efb-94d6-82b6a8490dfb,3648145084792959,02,<none>,USD,true,~,never share,<none>,0,,true,~,never share,<none>,0,,ICP_Entity_Yes,
02_CG,Cleburne,Cleburne Retained Earnings,false,never share,false,,<none>,<none>,,,unspecified,none,,,,false,true,a22a8c42-8875-4b24-9caf-fa57e2130f3d,152047307933348,02_CG,<none>,USD,true,~,never share,<none>,0,,true,~,never share,<none>,0,,,
Lavon,Cohn_Gregory,Lavone,false,never share,false,,<none>,<none>,,,unspecified,none,,,,false,true,dcc2b7ec-1ea1-49ab-b228-307cf6085b2e,1726876078526246,Lavon,<none>,USD,true,~,never share,<none>,0,,true,~,never share,<none>,0,,,
03,Lavon,Lavon - Branch,false,never share,false,,<none>,<none>,,,unspecified,none,,,,false,true,7c398bcc-00cf-47b1-b3e1-99c4054aaf67,2765644789861863,03,<none>,USD,true,~,never share,<none>,0,,true,~,never share,<none>,0,,ICP_Entity_Yes,
03_CG,Lavon,Lavon Retained Earnings,false,never share,false,,<none>,<none>,,,unspecified,none,,,,false,true,b0ed6d56-4269-4887-87d4-4ae7b8a05921,3549036389155525,03_CG,<none>,USD,true,~,never share,<none>,0,,true,~,never share,<none>,0,,,
Sherman,Cohn_Gregory,Sherman,false,never share,false,,<none>,<none>,,,unspecified,none,,,,false,true,d6be6c19-6f1b-4c2f-8f74-ba8012638bcc,3241272826283724,Sherman,<none>,USD,true,~,never share,<none>,0,,true,~,never share,<none>,0,,,
04,Sherman,Sherman - Branch,false,never share,false,,<none>,<none>,,,unspecified,none,,,,false,true,3df57c4e-c4f3-4ed9-a413-aed9cb604eb7,499436482611969,04,<none>,USD,true,~,never share,<none>,0,,true,~,never share,<none>,0,,ICP_Entity_Yes,
04_CG,Sherman,Sherman Retained Earnings,false,never share,false,,<none>,<none>,,,unspecified,none,,,,false,true,cdc1b7f7-b9e6-4281-ae3b-5247a7b93fd3,3006528072470101,04_CG,<none>,USD,true,~,never share,<none>,0,,true,~,never share,<none>,0,,,
Paris,Cohn_Gregory,Paris,false,never share,false,,<none>,<none>,,,unspecified,none,,,,false,true,b42621a4-e78a-47e9-aa2a-e9c7a7a3ff0d,278968103489363,Paris,<none>,USD,true,~,never share,<none>,0,,true,~,never share,<none>,0,,,
05,Paris,Paris - Branch,false,never share,false,,<none>,<none>,,,unspecified,none,,,,false,true,746aaf56-4148-4e28-8904-4c6323c4efbf,4112345376572277,05,<none>,USD,true,~,never share,<none>,0,,true,~,never share,<none>,0,,ICP_Entity_Yes,
05_CG,Paris,Paris Retained Earnings,false,never share,false,,<none>,<none>,,,unspecified,none,,,,false,true,5324129a-3835-4edc-8493-c76eb515312b,1216118026946400,05_CG,<none>,USD,true,~,never share,<none>,0,,true,~,never share,<none>,0,,ICP_Entity_Yes,
Waco,Cohn_Gregory,Waco,false,never share,false,,<none>,<none>,,,unspecified,none,,,,false,true,0a0b3c30-71c9-4cba-8369-e770c3b3b439,4364935658360760,Waco,<none>,USD,true,~,never share,<none>,0,,true,~,never share,<none>,0,,,
06,Waco,Waco - Branch,false,never share,false,,<none>,<none>,,,unspecified,none,,,,false,true,68136222-76bc-420f-9636-ed4bd5986233,1193294110543643,06,<none>,USD,true,~,never share,<none>,0,,true,~,never share,<none>,0,,ICP_Entity_Yes,
06_CG,Waco,Waco Retained Earnings,false,never share,false,,<none>,<none>,,,unspecified,none,,,,false,true,b37bd9cb-beeb-4022-b41f-71d85c346f61,4359967767743785,06_CG,<none>,USD,true,~,never share,<none>,0,,true,~,never share,<none>,0,,ICP_Entity_Yes,
Houston_CG,Cohn_Gregory,Houston_CG,false,never share,false,,<none>,<none>,,,unspecified,none,,,,false,true,6ad58a9e-e0fb-4c0e-a780-e79928c18bda,3333617737286820,Houston_CG,<none>,USD,true,~,never share,<none>,0,,true,~,never share,<none>,0,,,
07,Houston_CG,Houston - Branch,false,never share,false,,<none>,<none>,,,unspecified,none,,,,false,true,76ab162f-1133-41be-9eba-a86bcd14dae1,3125140078481332,07,<none>,USD,true,~,never share,<none>,0,,true,~,never share,<none>,0,,ICP_Entity_Yes,
07_CG,Houston_CG,Houston Retained Earnings,false,never share,false,,<none>,<none>,,,unspecified,none,,,,false,true,ea7a06de-c6d3-4dd0-bae5-5b757b34cf5f,4315668862222336,07_CG,<none>,USD,true,~,never share,<none>,0,,true,~,never share,<none>,0,,ICP_Entity_Yes,
Joe White Tank,Cohn_Gregory,Joe White Tank,false,never share,false,,<none>,<none>,,,unspecified,none,,,,false,true,2ee888ba-5aca-4498-85da-e3049eb5113c,1660366123319453,Joe White Tank,<none>,USD,true,~,never share,<none>,0,,true,~,never share,<none>,0,,,
01_JWT,Joe White Tank,,false,never share,false,,<none>,<none>,,,unspecified,none,,,,false,true,a970dd46-9d1f-40cb-8c8a-f57747efe853,1182374094390896,01_JWT,<none>,USD,true,~,never share,<none>,0,,true,~,never share,<none>,0,,ICP_Entity_Yes,
02_JWT,Joe White Tank,,false,never share,false,,<none>,<none>,,,unspecified,none,,,,false,true,e8bc2cf8-a9fb-477c-b5e4-c96f775100a6,100140234129452,02_JWT,<none>,USD,true,~,never share,<none>,0,,true,~,never share,<none>,0,,ICP_Entity_Yes,
03_JWT,Joe White Tank,,false,never share,false,,<none>,<none>,,,unspecified,none,,,,false,true,97ca786e-6c65-45ca-8aad-9fdcf630a162,4249586305744941,03_JWT,<none>,USD,true,~,never share,<none>,0,,true,~,never share,<none>,0,,ICP_Entity_Yes,
C&G Corporate,Cohn_Gregory,C&G Corporate,false,never share,false,,<none>,<none>,,,unspecified,none,,,,false,true,281f29a1-de44-45ed-ac1b-4dc0033e23f1,1169653838925694,C&G Corporate,<none>,USD,true,~,never share,<none>,0,,true,~,never share,<none>,0,,,
00_CG,C&G Corporate,00_CG,false,never share,false,,<none>,<none>,,,unspecified,none,,,,false,true,ac8e599d-0f18-46e1-9690-0237630b59d2,4384476238923821,00_CG,<none>,USD,true,~,never share,<none>,0,,true,~,never share,<none>,0,,ICP_Entity_Yes,
Energy Segment,FCCS_Total Geography,,false,never share,false,,<none>,<none>,,,unspecified,none,,,,false,true,35bab6bd-3da0-4f32-b84a-f3e56cabe1a3,2056663644915945,Energy Segment,<none>,USD,true,~,never share,<none>,0,,true,~,never share,<none>,0,,,
01_016,Energy Segment,Stanley,false,never share,false,,<none>,<none>,,,unspecified,none,,,,false,true,60d758db-b752-42e1-930b-1994ff510b80,1887519963958012,01_016,<none>,USD,true,~,never share,<none>,0,,true,~,never share,<none>,0,,,
01_016Stanley,01_016,BPS - STANLEY,false,never share,false,,<none>,<none>,,,unspecified,none,,,,false,true,f9b6b7f1-05c8-42bd-8554-c40b63c49b1c,3022407172702441,01_016Stanley,<none>,USD,true,~,never share,<none>,0,,true,~,never share,<none>,0,,ICP_Entity_Yes,
118,01_016,Stanley - PSC,false,never share,false,,<none>,<none>,,,unspecified,none,,,,false,true,26b7bdb1-bd72-4775-a7a2-e0e48f8ad644,2022977879034772,118,<none>,USD,true,~,never share,<none>,0,,true,~,never share,<none>,0,,ICP_Entity_Yes,
1610,01_016,,false,never share,false,,<none>,<none>,,,unspecified,none,,,,false,true,3c194745-9b0b-4bb3-81c2-6bcbd6e3bc83,3899109885168917,1610,<none>,USD,true,~,never share,<none>,0,,true,~,never share,<none>,0,,ICP_Entity_Yes,
1603,01_016,,false,never share,false,,<none>,<none>,,,unspecified,none,,,,false,true,4ff2eb9e-cf65-47c2-b31a-94b9562165bb,3067519895225067,1603,<none>,USD,true,~,never share,<none>,0,,true,~,never share,<none>,0,,ICP_Entity_Yes,
1614,01_016,,false,never share,false,,<none>,<none>,,,unspecified,none,,,,false,true,abc33b03-8713-4d1f-b644-0b0d6b6aac9d,2813171631803003,1614,<none>,USD,true,~,never share,<none>,0,,true,~,never share,<none>,0,,ICP_Entity_Yes,
16A,01_016,,false,never share,false,,<none>,<none>,,,unspecified,none,,,,false,true,db935f47-474b-4591-862e-5bd76335547f,1096218181849050,16A,<none>,USD,true,~,never share,<none>,0,,true,~,never share,<none>,0,,ICP_Entity_Yes,
16B,01_016,,false,never share,false,,<none>,<none>,,,unspecified,none,,,,false,true,e8a933c5-25a8-4ba3-80e3-718ff0569f7f,3069912969070015,16B,<none>,USD,true,~,never share,<none>,0,,true,~,never share,<none>,0,,ICP_Entity_Yes,
1620,01_016,,false,never share,false,,<none>,<none>,,,unspecified,none,,,,false,true,96dd5275-16ce-41f5-99fe-dae83140b6ba,1721987384886354,1620,<none>,USD,true,~,never share,<none>,0,,true,~,never share,<none>,0,,ICP_Entity_Yes,
1602,01_016,,false,never share,false,,<none>,<none>,,,unspecified,none,,,,false,true,18e95e19-1e0d-4d24-a209-ab182ccde482,438815215012712,1602,<none>,USD,true,~,never share,<none>,0,,true,~,never share,<none>,0,,ICP_Entity_Yes,
16C,01_016,,false,never share,false,,<none>,<none>,,,unspecified,none,,,,false,true,746ff99f-fe1f-4419-a33a-1fa0d26350a2,52962281539372,16C,<none>,USD,true,~,never share,<none>,0,,true,~,never share,<none>,0,,ICP_Entity_Yes,
1617,01_016,,false,never share,false,,<none>,<none>,,,unspecified,none,,,,false,true,24ddb78f-bceb-4e6f-9d13-e6fc00b41c43,2009850834602804,1617,<none>,USD,true,~,never share,<none>,0,,true,~,never share,<none>,0,,ICP_Entity_Yes,
1618,01_016,,false,never share,false,,<none>,<none>,,,unspecified,none,,,,false,true,9d53a12a-7a66-46b6-bdfb-e7d9dc32d2e0,4195982275658613,1618,<none>,USD,true,~,never share,<none>,0,,true,~,never share,<none>,0,,ICP_Entity_Yes,
1619,01_016,,false,never share,false,,<none>,<none>,,,unspecified,none,,,,false,true,d669d145-7dea-47fe-92c2-17f6eeeac49f,2841974136914232,1619,<none>,USD,true,~,never share,<none>,0,,true,~,never share,<none>,0,,ICP_Entity_Yes,
1621,01_016,,false,never share,false,,<none>,<none>,,,unspecified,none,,,,false,true,7b63d794-cf56-4e49-95d8-6efc95b94b38,2947378627757165,1621,<none>,USD,true,~,never share,<none>,0,,true,~,never share,<none>,0,,ICP_Entity_Yes,
1640,01_016,,false,never share,false,,<none>,<none>,,,unspecified,none,,,,false,true,04a0c73e-195d-48b7-be80-c1b4db2517aa,3245597136603083,1640,<none>,USD,true,~,never share,<none>,0,,true,~,never share,<none>,0,,ICP_Entity_Yes,
1642,01_016,,false,never share,false,,<none>,<none>,,,unspecified,none,,,,false,true,541fc562-d3cc-4825-a103-e7bf43f93eec,4136351485610964,1642,<none>,USD,true,~,never share,<none>,0,,true,~,never share,<none>,0,,ICP_Entity_Yes,
1643,01_016,,false,never share,false,,<none>,<none>,,,unspecified,none,,,,false,true,699ab7aa-7de4-46ba-b434-660f0fc57af5,550428301214792,1643,<none>,USD,true,~,never share,<none>,0,,true,~,never share,<none>,0,,ICP_Entity_Yes,
1645,01_016,,false,never share,false,,<none>,<none>,,,unspecified,none,,,,false,true,1f2668e0-6ca9-4e5d-88c4-6941b2da2904,2315290479250091,1645,<none>,USD,true,~,never share,<none>,0,,true,~,never share,<none>,0,,ICP_Entity_Yes,
1615,01_016,,false,never share,false,,<none>,<none>,,,unspecified,none,,,,false,true,a5ea5c43-5498-4982-af4d-530cf22ca2a5,3539525420924955,1615,<none>,USD,true,~,never share,<none>,0,,true,~,never share,<none>,0,,ICP_Entity_Yes,
1601,01_016,,false,never share,false,,<none>,<none>,,,unspecified,none,,,,false,true,e4b2beb0-b81f-4115-b43f-29409b2c5889,2926103969351017,1601,<none>,USD,true,~,never share,<none>,0,,true,~,never share,<none>,0,,ICP_Entity_Yes,
1604,01_016,,false,never share,false,,<none>,<none>,,,unspecified,none,,,,false,true,8a68aff7-f66f-4b2c-92c9-efef3ce5f6a7,3042590604348992,1604,<none>,USD,true,~,never share,<none>,0,,true,~,never share,<none>,0,,ICP_Entity_Yes,
1605,01_016,,false,never share,false,,<none>,<none>,,,unspecified,none,,,,false,true,605829f0-1a1d-4e0a-aedc-9b4b78516275,1978640400665971,1605,<none>,USD,true,~,never share,<none>,0,,true,~,never share,<none>,0,,ICP_Entity_Yes,
1606,01_016,,false,never share,false,,<none>,<none>,,,unspecified,none,,,,false,true,baec2460-ab6d-4861-8089-4ad369eaefe8,3703301907172907,1606,<none>,USD,true,~,never share,<none>,0,,true,~,never share,<none>,0,,ICP_Entity_Yes,
1607,01_016,,false,never share,false,,<none>,<none>,,,unspecified,none,,,,false,true,e32c4acb-1c1a-4f8d-94e3-750356ef8a2a,4106053106484298,1607,<none>,USD,true,~,never share,<none>,0,,true,~,never share,<none>,0,,ICP_Entity_Yes,
1608,01_016,,false,never share,false,,<none>,<none>,,,unspecified,none,,,,false,true,557d1568-ebbc-4664-9af7-c8e88a005e3d,4295904576884664,1608,<none>,USD,true,~,never share,<none>,0,,true,~,never share,<none>,0,,ICP_Entity_Yes,
1609,01_016,,false,never share,false,,<none>,<none>,,,unspecified,none,,,,false,true,8b8325a3-8a94-4b98-b64d-be7e616ed460,3099311635123844,1609,<none>,USD,true,~,never share,<none>,0,,true,~,never share,<none>,0,,ICP_Entity_Yes,
1611,01_016,,false,never share,false,,<none>,<none>,,,unspecified,none,,,,false,true,48e407ae-e53b-4d27-8cbb-5180e61f3101,2896778055992807,1611,<none>,USD,true,~,never share,<none>,0,,true,~,never share,<none>,0,,ICP_Entity_Yes,
1612,01_016,,false,never share,false,,<none>,<none>,,,unspecified,none,,,,false,true,1e3148fe-c18c-43d1-9a12-93a630c6fa9c,1232365506674761,1612,<none>,USD,true,~,never share,<none>,0,,true,~,never share,<none>,0,,ICP_Entity_Yes,
1613,01_016,,false,never share,false,,<none>,<none>,,,unspecified,none,,,,false,true,5d86411e-bd53-478a-9ff8-3165f91ea2b9,4006110045881560,1613,<none>,USD,true,~,never share,<none>,0,,true,~,never share,<none>,0,,ICP_Entity_Yes,
1616,01_016,,false,never share,false,,<none>,<none>,,,unspecified,none,,,,false,true,d6cd259f-38a7-4167-b893-d1f603fac340,3200027431092613,1616,<none>,USD,true,~,never share,<none>,0,,true,~,never share,<none>,0,,ICP_Entity_Yes,
1641,01_016,,false,never share,false,,<none>,<none>,,,unspecified,none,,,,false,true,3952fc8e-5f60-44e0-8e93-9c77b703f973,4376104140556875,1641,<none>,USD,true,~,never share,<none>,0,,true,~,never share,<none>,0,,ICP_Entity_Yes,
1644,01_016,,false,never share,false,,<none>,<none>,,,unspecified,none,,,,false,true,c4b5e9f9-990f-4468-9a53-500f5b697517,1481918326851977,1644,<none>,USD,true,~,never share,<none>,0,,true,~,never share,<none>,0,,ICP_Entity_Yes,
01_017,Energy Segment,Killdeer,false,never share,false,,<none>,<none>,,,unspecified,none,,,,false,true,00163bee-63a9-43d2-a6ce-695782031511,356720390849625,01_017,<none>,USD,true,~,never share,<none>,0,,true,~,never share,<none>,0,,,
01_017Killdeer,01_017,BPS - KILLDEER,false,never share,false,,<none>,<none>,,,unspecified,none,,,,false,true,1c051b2d-7c8b-4299-853b-7785528b523b,817854465003019,01_017Killdeer,<none>,USD,true,~,never share,<none>,0,,true,~,never share,<none>,0,,ICP_Entity_Yes,
117,01_017,Killdeer - PSC,false,never share,false,,<none>,<none>,,,unspecified,none,,,,false,true,ccc11284-1a6e-4608-befe-7dadda41898d,3498050300039060,117,<none>,USD,true,~,never share,<none>,0,,true,~,never share,<none>,0,,ICP_Entity_Yes,
01_017A,01_017,,false,never share,false,,<none>,<none>,,,unspecified,none,,,,false,true,9e68a895-8937-4c22-97bc-ff342738a74a,4025561706220010,01_017A,<none>,USD,true,~,never share,<none>,0,,true,~,never share,<none>,0,,ICP_Entity_Yes,
01_017B,01_017,,false,never share,false,,<none>,<none>,,,unspecified,none,,,,false,true,52e398af-aa04-4569-9bef-962d79db57fd,996030205347507,01_017B,<none>,USD,true,~,never share,<none>,0,,true,~,never share,<none>,0,,ICP_Entity_Yes,
1701,01_017,,false,never share,false,,<none>,<none>,,,unspecified,none,,,,false,true,0f01b859-66ae-4915-940b-fae80e956310,1731501298502405,1701,<none>,USD,true,~,never share,<none>,0,,true,~,never share,<none>,0,,ICP_Entity_Yes,
1742,01_017,,false,never share,false,,<none>,<none>,,,unspecified,none,,,,false,true,40ba9d5b-6d71-4ee5-8970-8ef669a20018,2821397740211348,1742,<none>,USD,true,~,never share,<none>,0,,true,~,never share,<none>,0,,ICP_Entity_Yes,
1706,01_017,,false,never share,false,,<none>,<none>,,,unspecified,none,,,,false,true,530a61d3-71be-42d0-8c71-0bf3c42f7ff1,4049894980731076,1706,<none>,USD,true,~,never share,<none>,0,,true,~,never share,<none>,0,,ICP_Entity_Yes,
1703,01_017,,false,never share,false,,<none>,<none>,,,unspecified,none,,,,false,true,62ebd061-e37c-4c3c-bf35-0b8b7076fb20,2410797489407839,1703,<none>,USD,true,~,never share,<none>,0,,true,~,never share,<none>,0,,ICP_Entity_Yes,
1704,01_017,,false,never share,false,,<none>,<none>,,,unspecified,none,,,,false,true,02f0a698-df80-4412-bd81-d7bc9f053611,2681718271067073,1704,<none>,USD,true,~,never share,<none>,0,,true,~,never share,<none>,0,,ICP_Entity_Yes,
1705,01_017,,false,never share,false,,<none>,<none>,,,unspecified,none,,,,false,true,4fdbf589-98aa-4fdb-a6af-954e1752a2ad,521726061003162,1705,<none>,USD,true,~,never share,<none>,0,,true,~,never share,<none>,0,,ICP_Entity_Yes,
1709,01_017,,false,never share,false,,<none>,<none>,,,unspecified,none,,,,false,true,c999661b-63dc-4d88-bcae-25e781cb256c,915966283825467,1709,<none>,USD,true,~,never share,<none>,0,,true,~,never share,<none>,0,,ICP_Entity_Yes,
1711,01_017,,false,never share,false,,<none>,<none>,,,unspecified,none,,,,false,true,3ef9e0cb-56ff-4ab7-a586-e7a438f95683,323617258754026,1711,<none>,USD,true,~,never share,<none>,0,,true,~,never share,<none>,0,,ICP_Entity_Yes,
17A,01_017,,false,never share,false,,<none>,<none>,,,unspecified,none,,,,false,true,99cf2721-29e6-4a9b-897e-0b4a769a1431,4140762913066292,17A,<none>,USD,true,~,never share,<none>,0,,true,~,never share,<none>,0,,ICP_Entity_Yes,
17B,01_017,,false,never share,false,,<none>,<none>,,,unspecified,none,,,,false,true,24979c65-09fe-4e54-b569-c77671a117ca,4062506943137060,17B,<none>,USD,true,~,never share,<none>,0,,true,~,never share,<none>,0,,ICP_Entity_Yes,
1741,01_017,,false,never share,false,,<none>,<none>,,,unspecified,none,,,,false,true,2bcda970-a529-4a72-b381-275129e92a90,193084487125387,1741,<none>,USD,true,~,never share,<none>,0,,true,~,never share,<none>,0,,ICP_Entity_Yes,
1708,01_017,,false,never share,false,,<none>,<none>,,,unspecified,none,,,,false,true,522fb934-434c-4981-9276-8817fc04c07f,286896723543143,1708,<none>,USD,true,~,never share,<none>,0,,true,~,never share,<none>,0,,ICP_Entity_Yes,
1743,01_017,,false,never share,false,,<none>,<none>,,,unspecified,none,,,,false,true,d2c44747-578c-40b3-bc07-5a637d0a8d49,326212181706209,1743,<none>,USD,true,~,never share,<none>,0,,true,~,never share,<none>,0,,ICP_Entity_Yes,
1710,01_017,,false,never share,false,,<none>,<none>,,,unspecified,none,,,,false,true,3591b849-4d85-4f41-9d1e-fa9f08d6def1,2020414738613975,1710,<none>,USD,true,~,never share,<none>,0,,true,~,never share,<none>,0,,ICP_Entity_Yes,
1713,01_017,,false,never share,false,,<none>,<none>,,,unspecified,none,,,,false,true,c6f2ba90-e6b2-40c0-a75d-04d825d6ddfd,1712673308886581,1713,<none>,USD,true,~,never share,<none>,0,,true,~,never share,<none>,0,,ICP_Entity_Yes,
1707,01_017,,false,never share,false,,<none>,<none>,,,unspecified,none,,,,false,true,c1794dcb-1a88-4ec5-ae31-92352ace7f68,3118949072129486,1707,<none>,USD,true,~,never share,<none>,0,,true,~,never share,<none>,0,,ICP_Entity_Yes,
Carlsbad Consolidated Branch,Energy Segment,Carlsbad & Artesia,false,never share,false,,<none>,<none>,,,unspecified,none,,,,false,true,6b9852be-7d6f-4927-b0a2-78f4b5db04d1,3248372102678175,Carlsbad Consolidated Branch,<none>,USD,true,~,never share,<none>,0,,true,~,never share,<none>,0,,,
01_022,Carlsbad Consolidated Branch,,false,never share,false,,<none>,<none>,,,unspecified,none,,,,false,true,0fb11456-24bc-4ef3-9b4d-9060762b1632,3982390347251716,01_022,<none>,USD,true,~,never share,<none>,0,,true,~,never share,<none>,0,,,
01_022ARTESIA,01_022,,false,never share,false,,<none>,<none>,,,unspecified,none,,,,false,true,47d89ce9-9dac-4e92-84c9-ef78a66614cc,4494352030189717,01_022ARTESIA,<none>,USD,true,~,never share,<none>,0,,true,~,never share,<none>,0,,ICP_Entity_Yes,
22,01_022,,false,never share,false,,<none>,<none>,,,unspecified,none,,,,false,true,267b5fe6-911b-46a1-bc00-ca9f54a5253e,2843905391675045,22,[01_022].[22],USD,true,~,never share,<none>,0,,true,~,never share,<none>,0,,ICP_Entity_Yes,
2218,01_022,,false,never share,false,,<none>,<none>,,,unspecified,none,,,,false,true,c9ceab18-fb29-4d34-b9cf-ac7f597861ce,4236983288613140,2218,<none>,USD,true,~,never share,<none>,0,,true,~,never share,<none>,0,,ICP_Entity_Yes,
2222,01_022,,false,never share,false,,<none>,<none>,,,unspecified,none,,,,false,true,62483e0c-3b9a-4887-ae5b-c8fc4d65e413,2573611870998392,2222,<none>,USD,true,~,never share,<none>,0,,true,~,never share,<none>,0,,ICP_Entity_Yes,
2223,01_022,,false,never share,false,,<none>,<none>,,,unspecified,none,,,,false,true,9a486c52-bba8-4415-9894-65c740616e35,3359352035625312,2223,<none>,USD,true,~,never share,<none>,0,,true,~,never share,<none>,0,,ICP_Entity_Yes,
2217,01_022,,false,never share,false,,<none>,<none>,,,unspecified,none,,,,false,true,bbafe245-d20a-41ae-aec3-2b1d989e5e4e,2914366405361808,2217,<none>,USD,true,~,never share,<none>,0,,true,~,never share,<none>,0,,ICP_Entity_Yes,
2224,01_022,,false,never share,false,,<none>,<none>,,,unspecified,none,,,,false,true,ed9f3561-edad-48be-8c6e-61fbf5f99e28,3954504257587029,2224,<none>,USD,true,~,never share,<none>,0,,true,~,never share,<none>,0,,ICP_Entity_Yes,
2225,01_022,,false,never share,false,,<none>,<none>,,,unspecified,none,,,,false,true,cd4f4d40-35a8-4ec5-a665-8ee147456240,4251435348871243,2225,<none>,USD,true,~,never share,<none>,0,,true,~,never share,<none>,0,,ICP_Entity_Yes,
2220,01_022,,false,never share,false,,<none>,<none>,,,unspecified,none,,,,false,true,367c7821-859a-424a-a259-c690a4778358,3060899175418886,2220,<none>,USD,true,~,never share,<none>,0,,true,~,never share,<none>,0,,ICP_Entity_Yes,
2202,01_022,,false,never share,false,,<none>,<none>,,,unspecified,none,,,,false,true,128565fe-db9d-4bb2-8a67-c9644985c978,3716305634478228,2202,<none>,USD,true,~,never share,<none>,0,,true,~,never share,<none>,0,,ICP_Entity_Yes,
2210,01_022,,false,never share,false,,<none>,<none>,,,unspecified,none,,,,false,true,7eb8a1b7-b4ce-427e-b077-c9df3b4b969e,931269961928594,2210,<none>,USD,true,~,never share,<none>,0,,true,~,never share,<none>,0,,ICP_Entity_Yes,
2212,01_022,,false,never share,false,,<none>,<none>,,,unspecified,none,,,,false,true,19dfad72-26d0-48fd-aaf7-e87558c61589,2410680137958223,2212,<none>,USD,true,~,never share,<none>,0,,true,~,never share,<none>,0,,ICP_Entity_Yes,
2219,01_022,,false,never share,false,,<none>,<none>,,,unspecified,none,,,,false,true,deae0018-ed4f-4fe1-9a18-ee5aba4884c8,4013603305245427,2219,<none>,USD,true,~,never share,<none>,0,,true,~,never share,<none>,0,,ICP_Entity_Yes,
2226,01_022,,false,never share,false,,<none>,<none>,,,unspecified,none,,,,false,true,0f035900-6e7f-4a00-84bb-7d1825e601c2,4200821082376296,2226,<none>,USD,true,~,never share,<none>,0,,true,~,never share,<none>,0,,ICP_Entity_Yes,
2201,01_022,,false,never share,false,,<none>,<none>,,,unspecified,none,,,,false,true,3ead2329-f1b0-416b-b41b-30b87d4f9578,3576382820468689,2201,<none>,USD,true,~,never share,<none>,0,,true,~,never share,<none>,0,,ICP_Entity_Yes,
2203,01_022,,false,never share,false,,<none>,<none>,,,unspecified,none,,,,false,true,31e03148-3245-4a54-bbe9-3944ce786e3f,2447287240050905,2203,<none>,USD,true,~,never share,<none>,0,,true,~,never share,<none>,0,,ICP_Entity_Yes,
2204,01_022,,false,never share,false,,<none>,<none>,,,unspecified,none,,,,false,true,d1aaacc0-bceb-44b4-8409-68a07d3a8e61,2325508437198887,2204,<none>,USD,true,~,never share,<none>,0,,true,~,never share,<none>,0,,ICP_Entity_Yes,
2205,01_022,,false,never share,false,,<none>,<none>,,,unspecified,none,,,,false,true,fbf885af-56f2-4c88-92f2-3d2d4dec042c,1304965536041382,2205,<none>,USD,true,~,never share,<none>,0,,true,~,never share,<none>,0,,ICP_Entity_Yes,
2206,01_022,,false,never share,false,,<none>,<none>,,,unspecified,none,,,,false,true,cf805272-60da-46bb-a31d-d35842bc06a2,1556143063318610,2206,<none>,USD,true,~,never share,<none>,0,,true,~,never share,<none>,0,,ICP_Entity_Yes,
2207,01_022,,false,never share,false,,<none>,<none>,,,unspecified,none,,,,false,true,05f1070e-3883-4937-8b12-a7002fe7eb23,2819812625105779,2207,<none>,USD,true,~,never share,<none>,0,,true,~,never share,<none>,0,,ICP_Entity_Yes,
2208,01_022,,false,never share,false,,<none>,<none>,,,unspecified,none,,,,false,true,80df343e-e6d9-42d4-b2a0-35c2d53a4da9,3617602125383139,2208,<none>,USD,true,~,never share,<none>,0,,true,~,never share,<none>,0,,ICP_Entity_Yes,
2209,01_022,,false,never share,false,,<none>,<none>,,,unspecified,none,,,,false,true,a5a53aaa-cd58-4bea-a7e4-91210095bf98,3887123153961116,2209,<none>,USD,true,~,never share,<none>,0,,true,~,never share,<none>,0,,ICP_Entity_Yes,
2211,01_022,,false,never share,false,,<none>,<none>,,,unspecified,none,,,,false,true,d08f4e77-c27e-4e8a-8954-3387df03dbd4,4132599467495239,2211,<none>,USD,true,~,never share,<none>,0,,true,~,never share,<none>,0,,ICP_Entity_Yes,
2213,01_022,,false,never share,false,,<none>,<none>,,,unspecified,none,,,,false,true,a1cd1737-882f-4883-8540-fe7eb956b8b2,615878154801039,2213,<none>,USD,true,~,never share,<none>,0,,true,~,never share,<none>,0,,ICP_Entity_Yes,
2215,01_022,,false,never share,false,,<none>,<none>,,,unspecified,none,,,,false,true,a29cc2cc-4099-4aff-922b-8f6e3f86ab32,4361404208268910,2215,<none>,USD,true,~,never share,<none>,0,,true,~,never share,<none>,0,,ICP_Entity_Yes,
22A,01_022,,false,never share,false,,<none>,<none>,,,unspecified,none,,,,false,true,9761043c-f7ad-4e36-ba20-23e5a5a18963,3777043120605812,22A,<none>,USD,true,~,never share,<none>,0,,true,~,never share,<none>,0,,ICP_Entity_Yes,
2214,01_022,,false,never share,false,,<none>,<none>,,,unspecified,none,,,,false,true,969a9644-b49a-420d-a900-0ca10782b945,3461879348480746,2214,<none>,USD,true,~,never share,<none>,0,,true,~,never share,<none>,0,,ICP_Entity_Yes,
01_031,Carlsbad Consolidated Branch,,false,never share,false,,<none>,<none>,,,unspecified,none,,,,false,true,7d2e52bc-9790-4647-ae18-813b9dcc0cb6,3035564926127992,01_031,<none>,USD,true,~,never share,<none>,0,,true,~,never share,<none>,0,,,
01_031CARLSBAD,01_031,,false,never share,false,,<none>,<none>,,,unspecified,none,,,,false,true,2232ab09-8971-4ff9-b0f6-fa34ecd00ede,436309789067927,01_031CARLSBAD,<none>,USD,true,~,never share,<none>,0,,true,~,never share,<none>,0,,ICP_Entity_Yes,
107,Carlsbad Consolidated Branch,Carlsbad - PSC,false,never share,false,,<none>,<none>,,,unspecified,none,,,,false,true,d6a09e3b-d0cc-4201-9d66-870b3fb876ff,3401494942270001,107,<none>,USD,true,~,never share,<none>,0,,true,~,never share,<none>,0,,ICP_Entity_Yes,
02_001,Energy Segment,PSC - WAYNESBURG,false,never share,false,,<none>,<none>,,,unspecified,none,,,,false,true,c7f8c2da-4ff1-4560-82be-670bcef42061,3962390614721915,02_001,<none>,USD,true,~,never share,<none>,0,,true,~,never share,<none>,0,,ICP_Entity_Yes,
Williston Consolidated Branch,Energy Segment,Williston - Consolidated,false,never share,false,,<none>,<none>,,,unspecified,none,,,,false,true,c2704587-b44a-4236-b772-d586118b6472,2914237573778027,Williston Consolidated Branch,<none>,USD,true,~,never share,<none>,0,,true,~,never share,<none>,0,,,
01_021,Williston Consolidated Branch,Williston,false,never share,false,,<none>,<none>,,,unspecified,none,,,,false,true,5dabf5d9-976b-4005-b3f2-be9bac24ec8a,3468163213249463,01_021,<none>,USD,true,~,never share,<none>,0,,true,~,never share,<none>,0,,,
01_021Williston,01_021,BPS - WILLISTON,false,never share,false,,<none>,<none>,,,unspecified,none,,,,false,true,c42705a4-30f6-4da5-9abe-3c9f2eea7f52,2171464738947246,01_021Williston,<none>,USD,true,~,never share,<none>,0,,true,~,never share,<none>,0,,ICP_Entity_Yes,
2107,01_021,,false,never share,false,,<none>,<none>,,,unspecified,none,,,,false,true,e762bdc0-7f74-4a33-b549-2814756a0f46,2592346182140880,2107,<none>,USD,true,~,never share,<none>,0,,true,~,never share,<none>,0,,ICP_Entity_Yes,
2104,01_021,,false,never share,false,,<none>,<none>,,,unspecified,none,,,,false,true,fa7d90d7-b575-49d8-99bc-50c14495f3ca,3059655734806832,2104,<none>,USD,true,~,never share,<none>,0,,true,~,never share,<none>,0,,ICP_Entity_Yes,
2105,01_021,,false,never share,false,,<none>,<none>,,,unspecified,none,,,,false,true,1b43d18d-b02c-4569-ae2d-aede97371ccf,955583624334210,2105,<none>,USD,true,~,never share,<none>,0,,true,~,never share,<none>,0,,ICP_Entity_Yes,
2108,01_021,,false,never share,false,,<none>,<none>,,,unspecified,none,,,,false,true,0cbab10c-cb14-4f4a-adf3-c105d09f5ac7,733914714751289,2108,<none>,USD,true,~,never share,<none>,0,,true,~,never share,<none>,0,,ICP_Entity_Yes,
2110,01_021,,false,never share,false,,<none>,<none>,,,unspecified,none,,,,false,true,b1a1c565-5899-4ff0-bbe3-9bda10635550,3802868884589891,2110,<none>,USD,true,~,never share,<none>,0,,true,~,never share,<none>,0,,ICP_Entity_Yes,
2140,01_021,,false,never share,false,,<none>,<none>,,,unspecified,none,,,,false,true,9b8b176f-5e4d-49c7-94ba-fc3c069d2999,973429488633751,2140,<none>,USD,true,~,never share,<none>,0,,true,~,never share,<none>,0,,ICP_Entity_Yes,
2120,01_021,,false,never share,false,,<none>,<none>,,,unspecified,none,,,,false,true,bf24f230-2a2f-49aa-9aba-807edba0681e,1281233845504655,2120,<none>,USD,true,~,never share,<none>,0,,true,~,never share,<none>,0,,ICP_Entity_Yes,
21,01_021,,false,never share,false,,<none>,<none>,,,unspecified,none,,,,false,true,d7a88379-f9a9-4f96-9c2d-bc95fd420678,3109599409097086,21,[01_021].[21],USD,true,~,never share,<none>,0,,true,~,never share,<none>,0,,ICP_Entity_Yes,
2109,01_021,,false,never share,false,,<none>,<none>,,,unspecified,none,,,,false,true,08f6b8e0-a8c2-4b75-9b6f-791b195289cf,336148617054244,2109,<none>,USD,true,~,never share,<none>,0,,true,~,never share,<none>,0,,ICP_Entity_Yes,
02_004,Williston Consolidated Branch,PSC - WILLISTON,false,never share,false,,<none>,<none>,,,unspecified,none,,,,false,true,ce58bfba-b25d-4f39-9609-446776ad2992,2773826976825822,02_004,<none>,USD,true,~,never share,<none>,0,,true,~,never share,<none>,0,,ICP_Entity_Yes,
119,Williston Consolidated Branch,Williston - PSC (new branch),false,never share,false,,<none>,<none>,,,unspecified,none,,,,false,true,aede91ee-1f3a-4fdc-bba9-edba5f28e54a,1686387401575289,119,<none>,USD,true,~,never share,<none>,0,,true,~,never share,<none>,0,,ICP_Entity_Yes,
02_002,Energy Segment,PSC - OKLAHOMA CITY,false,never share,false,,<none>,<none>,,,unspecified,none,,,,false,true,8b65cf92-9d2e-4e00-a90f-90dbb7d05493,4424615132810732,02_002,<none>,USD,true,~,never share,<none>,0,,true,~,never share,<none>,0,,ICP_Entity_Yes,
Energy Consolidated Corp,Energy Segment,Energy Corp,false,never share,false,,<none>,<none>,,,unspecified,none,,,,false,true,40544f95-a94f-4897-a906-2619892e55fa,2350051323824821,Energy Consolidated Corp,<none>,USD,true,~,never share,<none>,0,,true,~,never share,<none>,0,,,
01_039,Energy Consolidated Corp,BPS - 20EN,false,never share,false,,<none>,<none>,,,unspecified,none,,,,false,true,98fb48ce-1d67-4d5e-b5c0-da1459f326ee,2813330367204668,01_039,<none>,USD,true,~,never share,<none>,0,,true,~,never share,<none>,0,,ICP_Entity_Yes,
PSC Corp,Energy Consolidated Corp,,false,never share,false,,<none>,<none>,,,unspecified,none,,,,false,true,c993e69b-e0a1-4ded-a3e8-f332c1061c4e,660679995509488,PSC Corp,<none>,USD,true,~,never share,<none>,0,,true,~,never share,<none>,0,,,
02_005,PSC Corp,PSC - Cannonsburg,false,never share,false,,<none>,<none>,,,unspecified,none,,,,false,true,0b06bb8b-9476-4986-b8db-90b735b8d811,2420843323739452,02_005,<none>,USD,true,~,never share,<none>,0,,true,~,never share,<none>,0,,ICP_Entity_Yes,
02_003,Energy Segment,PSC - WILLIAMSPORT,false,never share,false,,<none>,<none>,,,unspecified,none,,,,false,true,d83a2527-ea12-496f-9a69-22b34796d5fd,3968964096115616,02_003,<none>,USD,true,~,never share,<none>,0,,true,~,never share,<none>,0,,ICP_Entity_Yes,
01_024,Energy Segment,Pecos,false,never share,false,,<none>,<none>,,,unspecified,none,,,,false,true,c8f2d076-3382-4a53-838c-2f39430e80e3,4308041381071902,01_024,<none>,USD,true,~,never share,<none>,0,,true,~,never share,<none>,0,,,
01_024Pecos,01_024,,false,never share,false,,<none>,<none>,,,unspecified,none,,,,false,true,e70c4f7a-87a2-40dc-bf70-ad9ea604b596,3016466710218429,01_024Pecos,<none>,USD,true,~,never share,<none>,0,,true,~,never share,<none>,0,,ICP_Entity_Yes,
109,01_024,Pecos - PSC,false,never share,false,,<none>,<none>,,,unspecified,none,,,,false,true,1118e28c-3abc-4c53-8bb1-333b405dfb92,3283225609063992,109,<none>,USD,true,~,never share,<none>,0,,true,~,never share,<none>,0,,ICP_Entity_Yes,
2404,01_024,,false,never share,false,,<none>,<none>,,,unspecified,none,,,,false,true,25be0b9b-e7aa-4807-98ec-04a0c6e63c70,1514850859632120,2404,<none>,USD,true,~,never share,<none>,0,,true,~,never share,<none>,0,,ICP_Entity_Yes,
24,01_024,,false,never share,false,,<none>,<none>,,,unspecified,none,,,,false,true,91951954-4d02-4b55-8f05-073bd750478b,2622556292271266,24,[01_024].[24],USD,true,~,never share,<none>,0,,true,~,never share,<none>,0,,ICP_Entity_Yes,
2405,01_024,,false,never share,false,,<none>,<none>,,,unspecified,none,,,,false,true,f464076a-eb3e-4454-a8ca-507aae9e8da8,4398511199633999,2405,<none>,USD,true,~,never share,<none>,0,,true,~,never share,<none>,0,,ICP_Entity_Yes,
2407,01_024,,false,never share,false,,<none>,<none>,,,unspecified,none,,,,false,true,648f347d-c459-41ff-a549-91549dc53264,2422666925133678,2407,<none>,USD,true,~,never share,<none>,0,,true,~,never share,<none>,0,,ICP_Entity_Yes,
2401,01_024,,false,never share,false,,<none>,<none>,,,unspecified,none,,,,false,true,aa444d80-dc0b-44d5-88a1-b8f5f2fcc0af,3043551602625334,2401,<none>,USD,true,~,never share,<none>,0,,true,~,never share,<none>,0,,ICP_Entity_Yes,
2402,01_024,,false,never share,false,,<none>,<none>,,,unspecified,none,,,,false,true,ad35cbfd-7ba1-4b51-942c-6aa9cad7253f,1021261202474354,2402,<none>,USD,true,~,never share,<none>,0,,true,~,never share,<none>,0,,ICP_Entity_Yes,
2403,01_024,,false,never share,false,,<none>,<none>,,,unspecified,none,,,,false,true,860a72c3-f59e-49aa-81bb-82732a31ac1e,810662486165356,2403,<none>,USD,true,~,never share,<none>,0,,true,~,never share,<none>,0,,ICP_Entity_Yes,
2406,01_024,,false,never share,false,,<none>,<none>,,,unspecified,none,,,,false,true,de7347f7-8124-475f-be11-e422d3fa3375,3728255089329361,2406,<none>,USD,true,~,never share,<none>,0,,true,~,never share,<none>,0,,ICP_Entity_Yes,
2408,01_024,,false,never share,false,,<none>,<none>,,,unspecified,none,,,,false,true,bfe8689c-ec07-4400-9c51-0d19daafa9a7,2571281611050337,2408,<none>,USD,true,~,never share,<none>,0,,true,~,never share,<none>,0,,ICP_Entity_Yes,
2409,01_024,,false,never share,false,,<none>,<none>,,,unspecified,none,,,,false,true,530aa697-eb9e-4b0e-a254-c8c0fc6c6676,3995464656964222,2409,<none>,USD,true,~,never share,<none>,0,,true,~,never share,<none>,0,,ICP_Entity_Yes,
2410,01_024,,false,never share,false,,<none>,<none>,,,unspecified,none,,,,false,true,231e812e-d7f6-4047-9d2a-e60625e0c052,155881786787539,2410,<none>,USD,true,~,never share,<none>,0,,true,~,never share,<none>,0,,ICP_Entity_Yes,
01_023,Energy Segment,Midland,false,never share,false,,<none>,<none>,,,unspecified,none,,,,false,true,639213a0-4308-4869-bdaf-4e1c00907c72,1411390950556571,01_023,<none>,USD,true,~,never share,<none>,0,,true,~,never share,<none>,0,,,
02_108,01_023,,false,never share,false,,<none>,<none>,,,unspecified,none,,,,false,true,133472be-3aaa-4e8c-9ce9-d82de6667600,905662548496316,02_108,<none>,USD,true,~,never share,<none>,0,,true,~,never share,<none>,0,,ICP_Entity_Yes,
01_023Midland,01_023,BPS - MIDLAND,false,never share,false,,<none>,<none>,,,unspecified,none,,,,false,true,0dae516a-762a-4628-82bd-d38bb7e8c2f3,3918653349644578,01_023Midland,<none>,USD,true,~,never share,<none>,0,,true,~,never share,<none>,0,,ICP_Entity_Yes,
23,01_023,,false,never share,false,,<none>,<none>,,,unspecified,none,,,,false,true,22c18be8-070c-47de-9cad-35e7c6f78af8,1880376359405482,23,[01_023].[23],USD,true,~,never share,<none>,0,,true,~,never share,<none>,0,,ICP_Entity_Yes,
2301,01_023,,false,never share,false,,<none>,<none>,,,unspecified,none,,,,false,true,21e9ae57-408f-4a20-8faa-95703a2576d6,2133023524932258,2301,<none>,USD,true,~,never share,<none>,0,,true,~,never share,<none>,0,,ICP_Entity_Yes,
2303,01_023,,false,never share,false,,<none>,<none>,,,unspecified,none,,,,false,true,6b2804e5-c31a-481e-968c-c150f27cfe7b,159813600953679,2303,<none>,USD,true,~,never share,<none>,0,,true,~,never share,<none>,0,,ICP_Entity_Yes,
2304,01_023,,false,never share,false,,<none>,<none>,,,unspecified,none,,,,false,true,54173840-ad39-42ba-b721-3b87d6d8f558,1198030580893673,2304,<none>,USD,true,~,never share,<none>,0,,true,~,never share,<none>,0,,ICP_Entity_Yes,
2306,01_023,,false,never share,false,,<none>,<none>,,,unspecified,none,,,,false,true,32085028-57dc-4985-9051-b5fb7b7b1531,595509854031296,2306,<none>,USD,true,~,never share,<none>,0,,true,~,never share,<none>,0,,ICP_Entity_Yes,
23J,01_023,,false,never share,false,,<none>,<none>,,,unspecified,none,,,,false,true,e246b734-a11a-4b54-bf37-ab12bb86b625,1457881131207370,23J,<none>,USD,true,~,never share,<none>,0,,true,~,never share,<none>,0,,ICP_Entity_Yes,
2302,01_023,,false,never share,false,,<none>,<none>,,,unspecified,none,,,,false,true,29780608-b090-45b5-9709-d571e85c08a1,1939416017160134,2302,<none>,USD,true,~,never share,<none>,0,,true,~,never share,<none>,0,,ICP_Entity_Yes,
2307,01_023,,false,never share,false,,<none>,<none>,,,unspecified,none,,,,false,true,cad50d9a-8718-4f11-a232-e934c555ac32,1950860212848128,2307,<none>,USD,true,~,never share,<none>,0,,true,~,never share,<none>,0,,ICP_Entity_Yes,
2305,01_023,,false,never share,false,,<none>,<none>,,,unspecified,none,,,,false,true,c12a88f3-ae36-4170-9ecd-f9d5c9709d02,2896916659194680,2305,<none>,USD,true,~,never share,<none>,0,,true,~,never share,<none>,0,,ICP_Entity_Yes,
JAL - BPS,Energy Segment,,false,never share,false,,<none>,<none>,,,unspecified,none,,,,false,true,ad3c1205-24ef-4355-99f7-c5d7510a378c,2996686690927544,JAL - BPS,<none>,USD,true,~,never share,<none>,0,,true,~,never share,<none>,0,,,
01_025,JAL - BPS,Energy Segment,false,never share,false,,<none>,<none>,,,unspecified,none,,,,false,true,eee1650e-80d6-41ff-a0f8-08e6c558f3fb,100186161758704,01_025,<none>,USD,true,~,never share,<none>,0,,true,~,never share,<none>,0,,ICP_Entity_Yes,
2501,JAL - BPS,,false,never share,false,,<none>,<none>,,,unspecified,none,,,,false,true,9ffb3af6-408c-45bc-8e57-8512b24dd865,904645665834612,2501,<none>,USD,true,~,never share,<none>,0,,true,~,never share,<none>,0,,ICP_Entity_Yes,
Jacksboro - BPS,Energy Segment,,false,never share,false,,<none>,<none>,,,unspecified,none,,,,false,true,3ee023a8-9d05-4f7d-ae0a-ae42d133e7b5,1890959046427030,Jacksboro - BPS,<none>,USD,true,~,never share,<none>,0,,true,~,never share,<none>,0,,,
01_026,Jacksboro - BPS,Jacksboro,false,never share,false,,<none>,<none>,,,unspecified,none,,,,false,true,bd94af08-5842-4227-b6e7-5f2c6585b334,4449636537876631,01_026,<none>,USD,true,~,never share,<none>,0,,true,~,never share,<none>,0,,ICP_Entity_Yes,
2601,Jacksboro - BPS,,false,never share,false,,<none>,<none>,,,unspecified,none,,,,false,true,0741a620-ddbd-419d-9072-b60097058754,3449607628013896,2601,<none>,USD,true,~,never share,<none>,0,,true,~,never share,<none>,0,,ICP_Entity_Yes,
2602,Jacksboro - BPS,,false,never share,false,,<none>,<none>,,,unspecified,none,,,,false,true,94b7ea78-a7d6-45e1-a540-5595d0951c45,2228516984014012,2602,<none>,USD,true,~,never share,<none>,0,,true,~,never share,<none>,0,,ICP_Entity_Yes,
26,Jacksboro - BPS,,false,never share,false,,<none>,<none>,,,unspecified,none,,,,false,true,81ef7122-3d53-4389-ba1c-b2b8dad9f9b8,2914592604831976,26,<none>,USD,true,~,never share,<none>,0,,true,~,never share,<none>,0,,ICP_Entity_Yes,
2603,Jacksboro - BPS,,false,never share,false,,<none>,<none>,,,unspecified,none,,,,false,true,7bf25da7-92c5-44a2-8519-1fd7ad97ddb3,709648406038043,2603,<none>,USD,true,~,never share,<none>,0,,true,~,never share,<none>,0,,ICP_Entity_Yes,
2606,Jacksboro - BPS,,false,never share,false,,<none>,<none>,,,unspecified,none,,,,false,true,843628dd-831a-4325-bcaa-717914dccde5,2555703412672222,2606,<none>,USD,true,~,never share,<none>,0,,true,~,never share,<none>,0,,ICP_Entity_Yes,
2607,Jacksboro - BPS,,false,never share,false,,<none>,<none>,,,unspecified,none,,,,false,true,9ad0441c-908d-4f60-a78a-d18080e5a2bc,3258568283474620,2607,<none>,USD,true,~,never share,<none>,0,,true,~,never share,<none>,0,,ICP_Entity_Yes,
2608,Jacksboro - BPS,,false,never share,false,,<none>,<none>,,,unspecified,none,,,,false,true,b201a740-316c-47ae-9d93-620cdbe99967,2240283146144043,2608,<none>,USD,true,~,never share,<none>,0,,true,~,never share,<none>,0,,ICP_Entity_Yes,
68,Energy Segment,Rig to Refinery,false,never share,false,,<none>,<none>,,,unspecified,none,,,,false,true,b8b01b62-2fcf-4c16-91d2-1ca83d94a453,320746381330220,68,<none>,USD,true,~,never share,<none>,0,,true,~,never share,<none>,0,,ICP_Entity_Yes,
Fire Protection Segment,FCCS_Total Geography,,false,never share,false,,<none>,<none>,,,unspecified,none,,,,false,true,18f33723-877b-441b-910c-bb85a4dc992f,3317865593063274,Fire Protection Segment,<none>,USD,true,~,never share,<none>,0,,true,~,never share,<none>,0,,,
03_001,Fire Protection Segment,ASI - DALLAS,false,never share,false,,<none>,<none>,,,unspecified,none,,,,false,true,299d0572-e984-44ea-88cd-7031804c2460,2112881188359256,03_001,<none>,USD,true,~,never share,<none>,0,,true,~,never share,<none>,0,,ICP_Entity_Yes,
03_002,Fire Protection Segment,ASI - DESIGN,false,never share,false,,<none>,<none>,,,unspecified,none,,,,false,true,ca17a4c0-2045-4f90-9f8a-c9d9c9a7116b,1722937480725926,03_002,<none>,USD,true,~,never share,<none>,0,,true,~,never share,<none>,0,,ICP_Entity_Yes,
03_003,Fire Protection Segment,ASI - HOUSTON,false,never share,false,,<none>,<none>,,,unspecified,none,,,,false,true,6f26c074-b5bf-45fb-ba3a-bda4ebba2f35,413542434424773,03_003,<none>,USD,true,~,never share,<none>,0,,true,~,never share,<none>,0,,ICP_Entity_Yes,
03_004,Fire Protection Segment,ASI - OKLAHOMA CITY,false,never share,false,,<none>,<none>,,,unspecified,none,,,,false,true,edc2454f-9b34-47ad-a07e-498e5dbf7800,3064644673094799,03_004,<none>,USD,true,~,never share,<none>,0,,true,~,never share,<none>,0,,ICP_Entity_Yes,
03_005,Fire Protection Segment,ASI - SAN ANTONIO,false,never share,false,,<none>,<none>,,,unspecified,none,,,,false,true,a70d8d7e-cecd-495b-a0ec-3259c21973c2,2979167668093778,03_005,<none>,USD,true,~,never share,<none>,0,,true,~,never share,<none>,0,,ICP_Entity_Yes,
03_006,Fire Protection Segment,ASI - AUSTIN,false,never share,false,,<none>,<none>,,,unspecified,none,,,,false,true,625698ad-0aa0-40b0-bb62-2f6f7215faa8,1598796300830772,03_006,<none>,USD,true,~,never share,<none>,0,,true,~,never share,<none>,0,,ICP_Entity_Yes,
03_007,Fire Protection Segment,ASI - MOBILE,false,never share,false,,<none>,<none>,,,unspecified,none,,,,false,true,aaf76708-c5a7-4cf0-bef9-d140bdd1cffe,2013927210370864,03_007,<none>,USD,true,~,never share,<none>,0,,true,~,never share,<none>,0,,ICP_Entity_Yes,
03_008,Fire Protection Segment,ASI - ATLANTA,false,never share,false,,<none>,<none>,,,unspecified,none,,,,false,true,3cbabf93-6481-48e8-93d2-412bcae53bc2,3729887026826189,03_008,<none>,USD,true,~,never share,<none>,0,,true,~,never share,<none>,0,,ICP_Entity_Yes,
03_009,Fire Protection Segment,ASI - TALLAHASSEE,false,never share,false,,<none>,<none>,,,unspecified,none,,,,false,true,5f043abb-e53b-4e1a-8169-25f0a570614a,657007528329729,03_009,<none>,USD,true,~,never share,<none>,0,,true,~,never share,<none>,0,,ICP_Entity_Yes,
03_010,Fire Protection Segment,ASI - SANTEE,false,never share,false,,<none>,<none>,,,unspecified,none,,,,false,true,9a32b5de-0c4e-4e0f-9308-6bdc25e942f3,3844314627395044,03_010,<none>,USD,true,~,never share,<none>,0,,true,~,never share,<none>,0,,ICP_Entity_Yes,
03_011,Fire Protection Segment,ASI - TAMPA,false,never share,false,,<none>,<none>,,,unspecified,none,,,,false,true,533bd38a-eb84-4dd4-bf0a-fbb430f79b0e,2719505316463916,03_011,<none>,USD,true,~,never share,<none>,0,,true,~,never share,<none>,0,,ICP_Entity_Yes,
03_012,Fire Protection Segment,ASI - TULSA,false,never share,false,,<none>,<none>,,,unspecified,none,,,,false,true,54b7e641-7c7c-46df-8663-f3fbf47b78bf,3953012313768428,03_012,<none>,USD,true,~,never share,<none>,0,,true,~,never share,<none>,0,,ICP_Entity_Yes,
03_013,Fire Protection Segment,ASI - LITTLE ROCK,false,never share,false,,<none>,<none>,,,unspecified,none,,,,false,true,768dae5c-9d49-40c2-bc46-edfb91727a0c,2630264508402335,03_013,<none>,USD,true,~,never share,<none>,0,,true,~,never share,<none>,0,,ICP_Entity_Yes,
03_014,Fire Protection Segment,ASI - WICHITA,false,never share,false,,<none>,<none>,,,unspecified,none,,,,false,true,79de783b-41ec-450c-b1a8-168331b8fe82,2572419868478695,03_014,<none>,USD,true,~,never share,<none>,0,,true,~,never share,<none>,0,,ICP_Entity_Yes,
03_015,Fire Protection Segment,ASI - CORP,false,never share,false,,<none>,<none>,,,unspecified,none,,,,false,true,a9ed9cc5-6411-4e49-80f6-9d170f11d5c2,1570712142499665,03_015,<none>,USD,true,~,never share,<none>,0,,true,~,never share,<none>,0,,ICP_Entity_Yes,
03_016,Fire Protection Segment,ASI - Miami,false,never share,false,,<none>,<none>,,,unspecified,none,,,,false,true,19a853a9-6def-409a-b5b0-2668e901d615,236571178586049,03_016,<none>,USD,true,~,never share,<none>,0,,true,~,never share,<none>,0,,ICP_Entity_Yes,
25NH,Fire Protection Segment,,false,never share,false,,<none>,<none>,,,unspecified,none,,,,false,true,fb654285-eb9d-4a59-8552-8c10c776ff14,328334903299965,25NH,<none>,USD,true,~,never share,<none>,0,,true,~,never share,<none>,0,,,
78SC,Fire Protection Segment,,false,never share,false,,<none>,<none>,,,unspecified,none,,,,false,true,cd326757-66a2-43d2-879b-47b740e19d96,804191054808604,78SC,<none>,USD,true,~,never share,<none>,0,,true,~,never share,<none>,0,,,
Administrative Segment,FCCS_Total Geography,,false,never share,false,,<none>,<none>,,,unspecified,none,,,,false,true,cda09d6d-a15e-41c6-816b-7896ca05c42b,2210218767369553,Administrative Segment,<none>,USD,true,~,never share,<none>,0,,true,~,never share,<none>,0,,,
99_001,Administrative Segment,HQ,false,never share,false,,<none>,<none>,,,unspecified,none,,,,false,true,0dbc71e3-5bdb-4e16-aa9e-253a071d829b,4229178060393832,99_001,<none>,USD,true,~,never share,<none>,0,,true,~,never share,<none>,0,,ICP_Entity_Yes,
VENT,Administrative Segment,,false,never share,false,,<none>,<none>,,,unspecified,none,,,,false,true,76c0237f-b720-4fd9-9475-5fe071c144b5,220119367896598,VENT,<none>,USD,true,~,never share,<none>,0,,true,~,never share,<none>,0,,,
CVNT,Administrative Segment,,false,never share,false,,<none>,<none>,,,unspecified,none,,,,false,true,c811db49-8040-4e50-b682-9dc3d2dba064,1667981182255832,CVNT,<none>,USD,true,~,never share,<none>,0,,true,~,never share,<none>,0,,,
Elim,Administrative Segment,,false,never share,false,,<none>,<none>,,,unspecified,none,,,,false,true,17457d19-ceab-40e7-9aba-2155aee227ac,609346764226945,Elim,<none>,USD,true,~,never share,<none>,0,,true,~,never share,<none>,0,,,
Total Monumental,Entity,,false,never share,false,,<none>,<none>,,,unspecified,none,,,,false,true,f5ef1fc8-6f8a-46da-b031-842bbe606e0d,1407069280944832,Total Monumental,<none>,USD,true,~,never share,<none>,0,,true,~,never share,<none>,0,,,
Total MSC,Total Monumental,,false,never share,false,,<none>,<none>,,,unspecified,none,,,,false,true,7d738837-fe2d-415c-bda7-6e822452235d,513571548645518,Total MSC,<none>,USD,true,~,never share,<none>,0,,true,~,never share,<none>,0,,,
19,Total MSC,,false,shared,false,,<none>,<none>,,,unspecified,none,,,,false,true,13af8f98-8cc1-4975-a4f4-16db0e4a9360,372771587638029,19,[Total MSC].[19],USD,true,~,shared,<none>,0,,true,~,shared,<none>,0,,,
21,Total MSC,,false,shared,false,,<none>,<none>,,,unspecified,none,,,,false,true,8bba71b0-3fc6-4cf9-aa34-3d5d35a4f0db,384703107125202,21,[Total MSC].[21],USD,true,~,shared,<none>,0,,true,~,shared,<none>,0,,,
22,Total MSC,,false,shared,false,,<none>,<none>,,,unspecified,none,,,,false,true,910117aa-1391-4fa1-b04f-a70d8a4a4a0f,1959174104958198,22,[Total MSC].[22],USD,true,~,shared,<none>,0,,true,~,shared,<none>,0,,,
23,Total MSC,,false,shared,false,,<none>,<none>,,,unspecified,none,,,,false,true,bbc567b7-d7e2-4875-88ad-648dddfc894d,4074420974538042,23,[Total MSC].[23],USD,true,~,shared,<none>,0,,true,~,shared,<none>,0,,,
24,Total MSC,,false,shared,false,,<none>,<none>,,,unspecified,none,,,,false,true,e54fb605-f1ca-4506-a410-c419debf1c1a,2366944124551215,24,[Total MSC].[24],USD,true,~,shared,<none>,0,,true,~,shared,<none>,0,,,
1,Total MSC,Baltimore,false,shared,false,,<none>,<none>,,,unspecified,none,,,,false,true,e3fb76ae-bdca-42ef-a22f-f9c1c7570033,3816222945726040,1,[Total MSC].[1],USD,true,~,shared,<none>,0,,true,~,shared,<none>,0,,,
4,Total MSC,ELE-B4,false,shared,false,,<none>,<none>,,,unspecified,none,,,,false,true,9670179a-137d-466a-8b33-b9b5f5833cf9,700976416347,4,[Total MSC].[4],USD,true,~,shared,<none>,0,,true,~,shared,<none>,0,,,
5,Total MSC,ELE-B5,false,shared,false,,<none>,<none>,,,unspecified,none,,,,false,true,3709375e-9b29-4211-8075-96e88b885174,1454516535052957,5,[Total MSC].[5],USD,true,~,shared,<none>,0,,true,~,shared,<none>,0,,,
9,Total MSC,ATLC,false,shared,false,,<none>,<none>,,,unspecified,none,,,,false,true,354b3727-912b-4be6-839a-a5f973efecdb,2768565183008119,9,[Total MSC].[9],USD,true,~,shared,<none>,0,,true,~,shared,<none>,0,,,
14,Total MSC,ATLC-WEST,false,shared,false,,<none>,<none>,,,unspecified,none,,,,false,true,5d6b905c-caf2-426d-807f-1fc3dda963ed,790555000392929,14,[Total MSC].[14],USD,true,~,shared,<none>,0,,true,~,shared,<none>,0,,,
7,Total MSC,MBE,false,shared,false,,<none>,<none>,,,unspecified,none,,,,false,true,952d3739-6083-4fef-9140-2921dbd97f6e,546035838308285,7,[Total MSC].[7],USD,true,~,shared,<none>,0,,true,~,shared,<none>,0,,,
11,Total MSC,,false,shared,false,,<none>,<none>,,,unspecified,none,,,,false,true,7cc14b82-30c5-4648-a364-057dacecaea8,821667804299327,11,[Total MSC].[11],USD,true,~,shared,<none>,0,,true,~,shared,<none>,0,,,
10,Total MSC,MONUMENTAL SUPPLY (FIRE-PROTECTION),false,shared,false,,<none>,<none>,,,unspecified,none,,,,false,true,9314ae5f-ad3b-4a24-9b3c-5006d530adb7,2058593433829441,10,[Total MSC].[10],USD,true,~,shared,<none>,0,,true,~,shared,<none>,0,,,
203,Total MSC,STNSMD,false,shared,false,,<none>,<none>,,,unspecified,none,,,,false,true,38763587-1f36-4d2b-8f4a-4db9be5b454a,1046579310055151,203,[Total MSC].[203],USD,true,~,shared,<none>,0,,true,~,shared,<none>,0,,,
204,Total MSC,STNCSR,false,shared,false,,<none>,<none>,,,unspecified,none,,,,false,true,89fd50eb-0828-43c2-90ed-fb3f82893041,4210934051455322,204,[Total MSC].[204],USD,true,~,shared,<none>,0,,true,~,shared,<none>,0,,,
2,Total MSC,CORP-EXP,false,shared,false,,<none>,<none>,,,unspecified,none,,,,false,true,58cf3384-05e2-45ab-a269-c6a2f502af64,3628319222875730,2,[Total MSC].[2],USD,true,~,shared,<none>,0,,true,~,shared,<none>,0,,,
15,Total MSC,ATLC-PIPE,false,shared,false,,<none>,<none>,,,unspecified,none,,,,false,true,c4cdcc99-6113-48e1-96b6-7fe440de928f,2152599314321294,15,[Total MSC].[15],USD,true,~,shared,<none>,0,,true,~,shared,<none>,0,,,
51,Total MSC,MONUMENTAL ELEV BR 51,false,shared,false,,<none>,<none>,,,unspecified,none,,,,false,true,fd41fdad-a589-4a28-9070-973d680cd746,763590521146893,51,[Total MSC].[51],USD,true,~,shared,<none>,0,,true,~,shared,<none>,0,,,
8,Total MSC,GOVERNMENT,false,shared,false,,<none>,<none>,,,unspecified,none,,,,false,true,5424815b-e954-421b-9f34-c7bfba9f0b54,4329616427011914,8,[Total MSC].[8],USD,true,~,shared,<none>,0,,true,~,shared,<none>,0,,,
6,Total MSC,ELE-B6,false,shared,false,,<none>,<none>,,,unspecified,none,,,,false,true,ad7e13cd-a3b1-4ca0-a440-88816f4e7595,2820038716506821,6,[Total MSC].[6],USD,true,~,shared,<none>,0,,true,~,shared,<none>,0,,,
12,Total MSC,BACLEANLINE,false,shared,false,,<none>,<none>,,,unspecified,none,,,,false,true,182d5d6f-f414-443e-a587-626de340c075,2025427295292389,12,[Total MSC].[12],USD,true,~,shared,<none>,0,,true,~,shared,<none>,0,,,
13,Total MSC,BACSTOCKROOM,false,shared,false,,<none>,<none>,,,unspecified,none,,,,false,true,a889060c-0850-4698-9972-cf5c8c84be85,56305598417189,13,[Total MSC].[13],USD,true,~,shared,<none>,0,,true,~,shared,<none>,0,,,
17,Total MSC,DAVIDSON INV TRACKING,false,shared,false,,<none>,<none>,,,unspecified,none,,,,false,true,a15fb053-6053-4fb9-834a-a86de552eba8,1082879519180465,17,[Total MSC].[17],USD,true,~,shared,<none>,0,,true,~,shared,<none>,0,,,
18,Total MSC,GILMOUR INV TRACKING,false,shared,false,,<none>,<none>,,,unspecified,none,,,,false,true,25a156fc-e73c-4700-b2f2-0a4ff223936d,1482291407702096,18,[Total MSC].[18],USD,true,~,shared,<none>,0,,true,~,shared,<none>,0,,,
50,Total MSC,Monumental Elevator - Las Vegas,false,shared,false,,<none>,<none>,,,unspecified,none,,,,false,true,4ab48e02-9cdb-437b-bd94-cc5a9aac5253,861386813358913,50,[Total MSC].[50],USD,true,~,shared,<none>,0,,true,~,shared,<none>,0,,,
20,Total MSC,SIATA,false,shared,false,,<none>,<none>,,,unspecified,none,,,,false,true,8c34caa5-2d0d-4e75-9de3-ec425562bc51,4383079433061631,20,[Total MSC].[20],USD,true,~,shared,<none>,0,,true,~,shared,<none>,0,,,
202,Total MSC,TBD,false,shared,false,,<none>,<none>,,,unspecified,none,,,,false,true,6b3a50b8-a604-4a39-8036-34d8e29556c2,1372554029516410,202,[Total MSC].[202],USD,true,~,shared,<none>,0,,true,~,shared,<none>,0,,,
205,Total MSC,STN20M,false,shared,false,,<none>,<none>,,,unspecified,none,,,,false,true,6965b8ae-b5d7-4138-ba84-6a91a53581fd,668717657703506,205,[Total MSC].[205],USD,true,~,shared,<none>,0,,true,~,shared,<none>,0,,,
3,Total MSC,VMI-BR3,false,shared,false,,<none>,<none>,,,unspecified,none,,,,false,true,3924713b-5979-45ce-890b-db3032c8ca59,374843895989628,3,[Total MSC].[3],USD,true,~,shared,<none>,0,,true,~,shared,<none>,0,,,
201,Total MSC,STNLLR,false,shared,false,,<none>,<none>,,,unspecified,none,,,,false,true,366cfd9e-5163-44dd-b773-8c376dd26084,947256969086842,201,[Total MSC].[201],USD,true,~,shared,<none>,0,,true,~,shared,<none>,0,,,
Mon_01,Total MSC,Monumental,false,shared,false,,<none>,<none>,,,unspecified,none,,,,false,true,69440e64-d7ae-456b-a669-895fc3f59960,2612640626723458,Mon_01,[Total MSC].[Mon_01],USD,true,~,shared,<none>,0,,true,~,shared,<none>,0,,,
